<?xml version="1.0" encoding="UTF-8"?>
<gpx version="1.1" creator="MyRouteApp" xsi:schemaLocation="http://www.topografix.com/GPX/1/1 http://www.topografix.com/GPX/1/1/gpx.xsd http://www.garmin.com/xmlschemas/WaypointExtension/v1 http://www8.garmin.com/xmlschemas/WaypointExtensionv1.xsd http://www.garmin.com/xmlschemas/TrackPointExtension/v1 http://www.garmin.com/xmlschemas/TrackPointExtensionv1.xsd http://www.garmin.com/xmlschemas/GpxExtensions/v3 http://www8.garmin.com/xmlschemas/GpxExtensionsv3.xsd http://www.garmin.com/xmlschemas/ActivityExtension/v1 http://www8.garmin.com/xmlschemas/ActivityExtensionv1.xsd http://www.garmin.com/xmlschemas/AdventuresExtensions/v1 http://www8.garmin.com/xmlschemas/AdventuresExtensionv1.xsd http://www.garmin.com/xmlschemas/ViaPointTransportationModeExtensions/v1 http://www.garmin.com/xmlschemas/ViaPointTransportationModeExtensionsv1.xsd" xmlns="http://www.topografix.com/GPX/1/1" xmlns:xsi="http://www.w3.org/2001/XMLSchema-instance" xmlns:wptx1="http://www.garmin.com/xmlschemas/WaypointExtension/v1" xmlns:gpxtrx="http://www.garmin.com/xmlschemas/GpxExtensions/v3" xmlns:gpxtpx="http://www.garmin.com/xmlschemas/TrackPointExtension/v1" xmlns:gpxx="http://www.garmin.com/xmlschemas/GpxExtensions/v3" xmlns:trp="http://www.garmin.com/xmlschemas/TripExtensions/v1" xmlns:adv="http://www.garmin.com/xmlschemas/AdventuresExtensions/v1" xmlns:vptm="http://www.garmin.com/xmlschemas/ViaPointTransportationModeExtensions/v1"><metadata><time>2026-09-20T19:24:30+00:00</time></metadata><rte><name>Stelvio to Dolomites</name><rtept lat="46.749034024309" lon="10.078768372405"><name>Hotel Garni Flüela</name><desc>Hotel Garni Flüela - Start of the route</desc><extensions><trp:ViaPoint/></extensions></rtept><rtept lat="46.681486774816" lon="10.157728493432"><name>28, Zernez, 7530, CH</name><extensions><trp:ShapingPoint/></extensions></rtept><rtept lat="46.63987454679" lon="10.291782975164"><name>Ofenpas (2149m)</name><desc>Ofenpas (2149m)</desc><extensions><trp:ShapingPoint/></extensions></rtept><rtept lat="46.600872189009" lon="10.423002541393"><name>28, Val Müstair, 7536, CH</name><extensions><trp:ShapingPoint/></extensions></rtept><rtept lat="46.541557537759" lon="10.433153629401"><name>Bordercrossing/Umbrailpass (2501m)</name><desc>Bordercrossing - From Switzerland to Italy/Umbrailpass (2501m)</desc><extensions><trp:ShapingPoint/></extensions></rtept><rtept lat="46.52893363936" lon="10.452620029482"><name>Stelvio Pass (2758m)</name><desc>Stelvio Pass (2758m)</desc><extensions><trp:ShapingPoint/></extensions></rtept><rtept lat="46.533358555796" lon="10.483016967773"><name>46.533359, 10.483017</name><extensions><trp:ShapingPoint/></extensions></rtept><rtept lat="46.564761777806" lon="10.520095825195"><name>46.564762, 10.520096</name><extensions><trp:ShapingPoint/></extensions></rtept><rtept lat="46.6097523126" lon="10.573333650827"><name>46.609752, 10.573334</name><extensions><trp:ShapingPoint/></extensions></rtept><rtept lat="46.644695708647" lon="10.568796694279"><name>46.644696, 10.568797</name><extensions><trp:ShapingPoint/></extensions></rtept><rtept lat="46.668260385346" lon="10.516096651554"><name>46.668260, 10.516097</name><extensions><trp:ShapingPoint/></extensions></rtept><rtept lat="46.509088309224" lon="10.384274661574"><name>Strada Statale N.38 dello Stelvio, Bormio, 23032, IT</name><extensions><trp:ShapingPoint/></extensions></rtept><rtept lat="46.470956658621" lon="10.367127768695"><name>46.470957, 10.367128</name><extensions><trp:ShapingPoint/></extensions></rtept><rtept lat="46.466493060065" lon="10.370882609859"><name>46.466493, 10.370883</name><extensions><trp:ShapingPoint/></extensions></rtept><rtept lat="46.466227065418" lon="10.387851297746"><name>Via Monte Cristallo, Bormio, 23032, IT</name><extensions><trp:ShapingPoint/></extensions></rtept><rtept lat="46.409975962183" lon="10.496445715362"><name>Via Plagheira, Valfurva, IT</name><extensions><trp:ShapingPoint/></extensions></rtept><rtept lat="46.35949992139" lon="10.500282347202"><name>Rifugio Arnaldo Berni</name><desc>Rifugio Arnaldo Berni - Coffee break</desc><extensions><trp:ViaPoint/></extensions></rtept><rtept lat="46.343500743073" lon="10.487469434738"><name>Passo di Gavia (2621m)</name><desc>Passo di Gavia (2621m)</desc><extensions><trp:ShapingPoint/></extensions></rtept><rtept lat="46.297209467853" lon="10.510671734846"><name>Point of view - Gavia pass</name><desc>Point of view - Gavia pass</desc><extensions><trp:ViaPoint/></extensions></rtept><rtept lat="46.286808886018" lon="10.51749416627"><name>46.286809, 10.517494</name><extensions><trp:ShapingPoint/></extensions></rtept><rtept lat="46.260805638164" lon="10.520071433857"><name>46.260806, 10.520071</name><extensions><trp:ShapingPoint/></extensions></rtept><rtept lat="46.257943201139" lon="10.581318854893"><name>Passo del Tonale (1883m)</name><desc>Passo del Tonale (1883m)</desc><extensions><trp:ShapingPoint/></extensions></rtept><rtept lat="46.279253687598" lon="10.643113255519"><name>Forte Strino</name><desc>Forte Strino - One of the symbols of a terrible conflict fought at high altitude</desc><extensions><trp:ShapingPoint/></extensions></rtept><rtept lat="46.312009477275" lon="10.734735131209"><name>SS42, Ossana, 38026, IT</name><extensions><trp:ShapingPoint/></extensions></rtept><rtept lat="46.354014701373" lon="10.921611785889"><name>Terzolas, 3827, IT</name><extensions><trp:ShapingPoint/></extensions></rtept><rtept lat="46.395330966852" lon="11.03138566039"><name>SS42, Cis, 38023, IT</name><extensions><trp:ShapingPoint/></extensions></rtept><rtept lat="46.412236703064" lon="11.080731153488"><name>SS42, Romallo, 38028, IT</name><extensions><trp:ShapingPoint/></extensions></rtept><rtept lat="46.41838036883" lon="11.141670355573"><name>46.418380, 11.141670</name><extensions><trp:ShapingPoint/></extensions></rtept><rtept lat="46.415582378146" lon="11.143201394007"><name>46.415582, 11.143201</name><extensions><trp:ShapingPoint/></extensions></rtept><rtept lat="46.42993225797" lon="11.156619731337"><name>46.429932, 11.156620</name><extensions><trp:ShapingPoint/></extensions></rtept><rtept lat="46.41673756315" lon="11.208057225012"><name>Mendelpass (1363m)</name><desc>Mendelpass (1363m)/Dolomiti - Lunch</desc><extensions><trp:ViaPoint/></extensions></rtept><rtept lat="46.417677861371" lon="11.216284632683"><name>Point of view - Mendelpass</name><desc>Point of view - Mendelpass</desc><extensions><trp:ViaPoint/></extensions></rtept><rtept lat="46.432883802173" lon="11.243700385203"><name>Mendelpassstraße - Strada statale del Tonale e della Mendola, Kaltern - Caldaro, 39052, IT</name><extensions><trp:ShapingPoint/></extensions></rtept><rtept lat="46.432372472524" lon="11.254393626004"><name>46.432372, 11.254394</name><extensions><trp:ShapingPoint/></extensions></rtept><rtept lat="46.416937200147" lon="11.249469593167"><name>46.416937, 11.249470</name><extensions><trp:ShapingPoint/></extensions></rtept><rtept lat="46.368705730743" lon="11.250907927752"><name>46.368706, 11.250908</name><desc>Eni - Tankstop</desc><extensions><trp:ViaPoint/></extensions></rtept><rtept lat="46.351697797737" lon="11.276282966137"><name>46.351698, 11.276283</name><extensions><trp:ShapingPoint/></extensions></rtept><rtept lat="46.333184806432" lon="11.301305392262"><name>46.333185, 11.301305</name><extensions><trp:ShapingPoint/></extensions></rtept><rtept lat="46.283651214357" lon="11.433479284169"><name>46.283651, 11.433479</name><extensions><trp:ShapingPoint/></extensions></rtept><rtept lat="46.294932627715" lon="11.453297571279"><name>46.294933, 11.453298</name><extensions><trp:ShapingPoint/></extensions></rtept><rtept lat="46.298381903958" lon="11.456594467163"><name>46.298382, 11.456594</name><extensions><trp:ShapingPoint/></extensions></rtept><rtept lat="46.309260670984" lon="11.462945728563"><name>46.309261, 11.462946</name><extensions><trp:ShapingPoint/></extensions></rtept><rtept lat="46.436995408982" lon="11.470450926572"><name>46.436995, 11.470451</name><extensions><trp:ShapingPoint/></extensions></rtept><rtept lat="46.439783954292" lon="11.480088774115"><name>46.439784, 11.480089</name><extensions><trp:ShapingPoint/></extensions></rtept><rtept lat="46.405131272392" lon="11.607325375207"><name>Rosengarten</name><desc>Rosengarten - Coffee/drink break</desc><extensions><trp:ViaPoint/></extensions></rtept><rtept lat="46.404345833047" lon="11.608795881239"><name>Passo di Costalunga (1745m)</name><desc>Passo di Costalunga (1745m)</desc><extensions><trp:ShapingPoint/></extensions></rtept><rtept lat="46.450400061261" lon="11.697883307934"><name>SS48, Mazzin, 38036, IT</name><extensions><trp:ShapingPoint/></extensions></rtept><rtept lat="46.47748245929" lon="11.76906645298"><name>Merli Giampiero Gas station</name><desc>Last opportunity to refuel</desc><extensions><trp:ShapingPoint/></extensions></rtept><rtept lat="46.473780409503" lon="11.778385452926"><name>46.473780, 11.778385</name><extensions><trp:ShapingPoint/></extensions></rtept><rtept lat="46.496051016815" lon="11.788378357887"><name>Passo Sella, Canazei, 38032, IT</name><extensions><trp:ShapingPoint/></extensions></rtept><rtept lat="46.507986603962" lon="11.767730712891"><name>Passo Sella (2218m)</name><desc>Passo Sella (2218m)</desc><extensions><trp:ShapingPoint/></extensions></rtept><rtept lat="46.508698514218" lon="11.766099631859"><name>Point of view - Passo Sella</name><desc>Point of view - Passo Sella</desc><extensions><trp:ViaPoint/></extensions></rtept><rtept lat="46.543383836185" lon="11.770239248872"><name>46.543384, 11.770239</name><extensions><trp:ShapingPoint/></extensions></rtept><rtept lat="46.554097672889" lon="11.759029030782"><name>Hotel Antares</name><desc>Hotel Antares - End of the route</desc><extensions><trp:ViaPoint/></extensions></rtept></rte><trk><name>Track-Stelvio to Dolomites</name><trkseg><trkpt lon="10.078770" lat="46.749030"/><trkpt lon="10.078990" lat="46.748770"/><trkpt lon="10.078850" lat="46.748530"/><trkpt lon="10.077720" lat="46.747320"/><trkpt lon="10.077650" lat="46.747110"/><trkpt lon="10.077660" lat="46.746870"/><trkpt lon="10.079100" lat="46.743530"/><trkpt lon="10.079390" lat="46.742620"/><trkpt lon="10.079590" lat="46.741510"/><trkpt lon="10.079700" lat="46.739200"/><trkpt lon="10.079460" lat="46.738440"/><trkpt lon="10.079330" lat="46.737880"/><trkpt lon="10.079240" lat="46.736960"/><trkpt lon="10.079130" lat="46.736300"/><trkpt lon="10.078790" lat="46.735720"/><trkpt lon="10.078630" lat="46.735440"/><trkpt lon="10.078400" lat="46.734530"/><trkpt lon="10.078370" lat="46.733630"/><trkpt lon="10.078790" lat="46.731970"/><trkpt lon="10.078860" lat="46.731610"/><trkpt lon="10.078870" lat="46.730820"/><trkpt lon="10.078900" lat="46.728110"/><trkpt lon="10.079440" lat="46.726320"/><trkpt lon="10.080070" lat="46.724750"/><trkpt lon="10.080080" lat="46.724600"/><trkpt lon="10.080020" lat="46.724500"/><trkpt lon="10.079900" lat="46.724420"/><trkpt lon="10.078790" lat="46.724210"/><trkpt lon="10.078410" lat="46.724110"/><trkpt lon="10.078060" lat="46.723950"/><trkpt lon="10.077770" lat="46.723740"/><trkpt lon="10.077580" lat="46.723520"/><trkpt lon="10.076820" lat="46.722260"/><trkpt lon="10.076700" lat="46.721960"/><trkpt lon="10.076630" lat="46.720980"/><trkpt lon="10.076670" lat="46.720350"/><trkpt lon="10.077250" lat="46.718910"/><trkpt lon="10.077970" lat="46.717750"/><trkpt lon="10.078340" lat="46.717330"/><trkpt lon="10.078680" lat="46.717100"/><trkpt lon="10.079920" lat="46.716500"/><trkpt lon="10.080390" lat="46.716310"/><trkpt lon="10.081970" lat="46.715900"/><trkpt lon="10.082170" lat="46.715810"/><trkpt lon="10.082370" lat="46.715640"/><trkpt lon="10.083640" lat="46.713450"/><trkpt lon="10.084200" lat="46.712600"/><trkpt lon="10.085390" lat="46.711120"/><trkpt lon="10.087660" lat="46.707060"/><trkpt lon="10.088690" lat="46.705130"/><trkpt lon="10.089090" lat="46.704560"/><trkpt lon="10.089480" lat="46.704220"/><trkpt lon="10.089870" lat="46.703960"/><trkpt lon="10.094460" lat="46.701760"/><trkpt lon="10.094640" lat="46.701640"/><trkpt lon="10.094820" lat="46.701080"/><trkpt lon="10.094920" lat="46.700560"/><trkpt lon="10.094850" lat="46.700460"/><trkpt lon="10.095020" lat="46.700310"/><trkpt lon="10.095760" lat="46.699280"/><trkpt lon="10.096120" lat="46.698940"/><trkpt lon="10.096760" lat="46.698460"/><trkpt lon="10.097490" lat="46.698060"/><trkpt lon="10.097860" lat="46.697800"/><trkpt lon="10.098180" lat="46.697440"/><trkpt lon="10.098720" lat="46.696620"/><trkpt lon="10.099000" lat="46.696360"/><trkpt lon="10.099370" lat="46.696160"/><trkpt lon="10.099720" lat="46.696040"/><trkpt lon="10.100160" lat="46.695960"/><trkpt lon="10.100550" lat="46.695950"/><trkpt lon="10.101030" lat="46.696010"/><trkpt lon="10.101870" lat="46.696200"/><trkpt lon="10.105350" lat="46.697130"/><trkpt lon="10.106070" lat="46.697370"/><trkpt lon="10.107580" lat="46.697960"/><trkpt lon="10.108020" lat="46.698080"/><trkpt lon="10.108520" lat="46.698110"/><trkpt lon="10.109140" lat="46.698040"/><trkpt lon="10.110350" lat="46.697780"/><trkpt lon="10.110770" lat="46.697710"/><trkpt lon="10.111660" lat="46.697770"/><trkpt lon="10.111990" lat="46.697750"/><trkpt lon="10.113150" lat="46.697380"/><trkpt lon="10.114080" lat="46.697180"/><trkpt lon="10.114540" lat="46.697060"/><trkpt lon="10.116880" lat="46.696150"/><trkpt lon="10.117180" lat="46.696000"/><trkpt lon="10.117860" lat="46.695540"/><trkpt lon="10.118410" lat="46.695420"/><trkpt lon="10.118630" lat="46.695350"/><trkpt lon="10.119670" lat="46.694740"/><trkpt lon="10.120060" lat="46.694600"/><trkpt lon="10.120870" lat="46.694480"/><trkpt lon="10.121060" lat="46.694500"/><trkpt lon="10.121910" lat="46.694830"/><trkpt lon="10.122200" lat="46.694870"/><trkpt lon="10.122420" lat="46.694820"/><trkpt lon="10.122620" lat="46.694630"/><trkpt lon="10.122670" lat="46.694490"/><trkpt lon="10.122660" lat="46.694170"/><trkpt lon="10.122680" lat="46.693950"/><trkpt lon="10.122820" lat="46.693760"/><trkpt lon="10.123490" lat="46.693350"/><trkpt lon="10.123690" lat="46.693280"/><trkpt lon="10.123890" lat="46.693260"/><trkpt lon="10.125400" lat="46.693560"/><trkpt lon="10.125720" lat="46.693600"/><trkpt lon="10.126080" lat="46.693590"/><trkpt lon="10.126540" lat="46.693480"/><trkpt lon="10.127450" lat="46.693210"/><trkpt lon="10.127730" lat="46.693070"/><trkpt lon="10.127870" lat="46.692950"/><trkpt lon="10.128230" lat="46.692560"/><trkpt lon="10.128450" lat="46.692450"/><trkpt lon="10.128740" lat="46.692390"/><trkpt lon="10.130290" lat="46.692230"/><trkpt lon="10.131100" lat="46.692080"/><trkpt lon="10.132660" lat="46.691700"/><trkpt lon="10.133100" lat="46.691620"/><trkpt lon="10.133570" lat="46.691620"/><trkpt lon="10.134140" lat="46.691750"/><trkpt lon="10.134490" lat="46.691920"/><trkpt lon="10.135030" lat="46.692330"/><trkpt lon="10.135390" lat="46.692540"/><trkpt lon="10.135730" lat="46.692640"/><trkpt lon="10.136130" lat="46.692690"/><trkpt lon="10.137170" lat="46.692750"/><trkpt lon="10.137700" lat="46.692870"/><trkpt lon="10.138790" lat="46.693190"/><trkpt lon="10.139010" lat="46.693180"/><trkpt lon="10.139220" lat="46.693100"/><trkpt lon="10.139350" lat="46.692970"/><trkpt lon="10.139390" lat="46.692850"/><trkpt lon="10.139360" lat="46.692690"/><trkpt lon="10.138940" lat="46.692160"/><trkpt lon="10.138470" lat="46.691680"/><trkpt lon="10.138160" lat="46.691440"/><trkpt lon="10.137210" lat="46.690900"/><trkpt lon="10.137020" lat="46.690740"/><trkpt lon="10.136950" lat="46.690520"/><trkpt lon="10.137020" lat="46.690300"/><trkpt lon="10.137190" lat="46.690180"/><trkpt lon="10.137510" lat="46.690050"/><trkpt lon="10.138220" lat="46.689800"/><trkpt lon="10.138650" lat="46.689690"/><trkpt lon="10.139070" lat="46.689490"/><trkpt lon="10.139200" lat="46.689450"/><trkpt lon="10.140060" lat="46.689380"/><trkpt lon="10.141740" lat="46.689150"/><trkpt lon="10.143240" lat="46.688840"/><trkpt lon="10.143750" lat="46.688850"/><trkpt lon="10.143960" lat="46.688820"/><trkpt lon="10.144380" lat="46.688640"/><trkpt lon="10.144510" lat="46.688530"/><trkpt lon="10.144590" lat="46.688260"/><trkpt lon="10.144810" lat="46.687760"/><trkpt lon="10.145080" lat="46.687490"/><trkpt lon="10.145800" lat="46.686820"/><trkpt lon="10.146850" lat="46.686250"/><trkpt lon="10.147700" lat="46.685720"/><trkpt lon="10.150130" lat="46.684430"/><trkpt lon="10.150650" lat="46.684230"/><trkpt lon="10.151870" lat="46.683820"/><trkpt lon="10.152830" lat="46.683380"/><trkpt lon="10.156300" lat="46.682120"/><trkpt lon="10.157490" lat="46.681620"/><trkpt lon="10.157820" lat="46.681440"/><trkpt lon="10.158270" lat="46.681050"/><trkpt lon="10.160410" lat="46.678810"/><trkpt lon="10.161140" lat="46.678180"/><trkpt lon="10.161280" lat="46.678140"/><trkpt lon="10.161440" lat="46.678150"/><trkpt lon="10.161990" lat="46.678400"/><trkpt lon="10.162340" lat="46.678660"/><trkpt lon="10.162590" lat="46.678930"/><trkpt lon="10.163030" lat="46.679200"/><trkpt lon="10.163230" lat="46.679290"/><trkpt lon="10.163830" lat="46.679400"/><trkpt lon="10.164120" lat="46.679500"/><trkpt lon="10.164340" lat="46.679640"/><trkpt lon="10.164870" lat="46.680240"/><trkpt lon="10.165160" lat="46.680460"/><trkpt lon="10.165470" lat="46.680570"/><trkpt lon="10.165840" lat="46.680590"/><trkpt lon="10.166130" lat="46.680530"/><trkpt lon="10.166360" lat="46.680410"/><trkpt lon="10.166550" lat="46.680180"/><trkpt lon="10.166610" lat="46.679900"/><trkpt lon="10.166580" lat="46.679640"/><trkpt lon="10.166420" lat="46.679340"/><trkpt lon="10.166140" lat="46.679060"/><trkpt lon="10.164780" lat="46.678010"/><trkpt lon="10.164680" lat="46.677850"/><trkpt lon="10.164690" lat="46.677700"/><trkpt lon="10.165040" lat="46.677230"/><trkpt lon="10.165250" lat="46.676860"/><trkpt lon="10.165470" lat="46.676340"/><trkpt lon="10.165830" lat="46.675930"/><trkpt lon="10.165960" lat="46.675750"/><trkpt lon="10.166020" lat="46.675550"/><trkpt lon="10.166100" lat="46.675060"/><trkpt lon="10.166280" lat="46.674740"/><trkpt lon="10.166470" lat="46.674550"/><trkpt lon="10.167030" lat="46.674150"/><trkpt lon="10.167660" lat="46.673550"/><trkpt lon="10.168130" lat="46.673240"/><trkpt lon="10.168410" lat="46.673000"/><trkpt lon="10.168640" lat="46.672670"/><trkpt lon="10.168650" lat="46.672500"/><trkpt lon="10.168610" lat="46.672300"/><trkpt lon="10.168530" lat="46.672180"/><trkpt lon="10.168330" lat="46.672090"/><trkpt lon="10.167860" lat="46.671930"/><trkpt lon="10.167630" lat="46.671770"/><trkpt lon="10.167340" lat="46.671510"/><trkpt lon="10.167130" lat="46.671410"/><trkpt lon="10.166410" lat="46.671190"/><trkpt lon="10.166170" lat="46.671020"/><trkpt lon="10.165990" lat="46.670600"/><trkpt lon="10.165670" lat="46.669080"/><trkpt lon="10.165760" lat="46.668650"/><trkpt lon="10.166260" lat="46.667040"/><trkpt lon="10.166510" lat="46.666730"/><trkpt lon="10.166780" lat="46.666510"/><trkpt lon="10.167550" lat="46.666200"/><trkpt lon="10.167720" lat="46.666090"/><trkpt lon="10.167890" lat="46.665840"/><trkpt lon="10.168440" lat="46.665270"/><trkpt lon="10.168900" lat="46.664700"/><trkpt lon="10.169140" lat="46.664280"/><trkpt lon="10.169230" lat="46.663980"/><trkpt lon="10.169250" lat="46.663590"/><trkpt lon="10.169180" lat="46.662590"/><trkpt lon="10.169240" lat="46.662380"/><trkpt lon="10.169370" lat="46.662290"/><trkpt lon="10.169570" lat="46.662270"/><trkpt lon="10.170020" lat="46.662470"/><trkpt lon="10.170580" lat="46.662740"/><trkpt lon="10.170930" lat="46.662770"/><trkpt lon="10.171100" lat="46.662720"/><trkpt lon="10.171260" lat="46.662630"/><trkpt lon="10.171400" lat="46.662430"/><trkpt lon="10.171400" lat="46.662150"/><trkpt lon="10.171460" lat="46.661940"/><trkpt lon="10.171770" lat="46.661600"/><trkpt lon="10.172260" lat="46.661090"/><trkpt lon="10.172400" lat="46.660430"/><trkpt lon="10.172600" lat="46.659430"/><trkpt lon="10.173760" lat="46.657850"/><trkpt lon="10.174010" lat="46.657310"/><trkpt lon="10.174180" lat="46.657070"/><trkpt lon="10.174550" lat="46.656750"/><trkpt lon="10.174900" lat="46.656560"/><trkpt lon="10.175280" lat="46.656430"/><trkpt lon="10.175510" lat="46.656310"/><trkpt lon="10.175860" lat="46.656020"/><trkpt lon="10.176350" lat="46.655930"/><trkpt lon="10.176520" lat="46.655860"/><trkpt lon="10.177240" lat="46.655500"/><trkpt lon="10.178080" lat="46.654930"/><trkpt lon="10.178820" lat="46.654300"/><trkpt lon="10.178960" lat="46.654140"/><trkpt lon="10.179210" lat="46.653540"/><trkpt lon="10.179380" lat="46.653350"/><trkpt lon="10.179680" lat="46.653210"/><trkpt lon="10.180630" lat="46.653090"/><trkpt lon="10.181320" lat="46.653080"/><trkpt lon="10.183030" lat="46.653120"/><trkpt lon="10.183770" lat="46.653060"/><trkpt lon="10.184390" lat="46.653170"/><trkpt lon="10.185110" lat="46.653220"/><trkpt lon="10.185920" lat="46.653220"/><trkpt lon="10.186540" lat="46.653090"/><trkpt lon="10.186760" lat="46.653080"/><trkpt lon="10.186980" lat="46.653110"/><trkpt lon="10.188380" lat="46.653830"/><trkpt lon="10.188800" lat="46.654000"/><trkpt lon="10.189190" lat="46.654000"/><trkpt lon="10.189540" lat="46.653970"/><trkpt lon="10.189800" lat="46.654030"/><trkpt lon="10.190230" lat="46.654250"/><trkpt lon="10.190400" lat="46.654380"/><trkpt lon="10.190540" lat="46.654690"/><trkpt lon="10.190620" lat="46.655250"/><trkpt lon="10.190940" lat="46.655610"/><trkpt lon="10.191580" lat="46.656060"/><trkpt lon="10.192030" lat="46.656340"/><trkpt lon="10.192330" lat="46.656380"/><trkpt lon="10.192720" lat="46.656400"/><trkpt lon="10.193300" lat="46.656630"/><trkpt lon="10.193610" lat="46.656700"/><trkpt lon="10.194310" lat="46.656780"/><trkpt lon="10.194520" lat="46.656850"/><trkpt lon="10.194710" lat="46.656970"/><trkpt lon="10.195340" lat="46.657570"/><trkpt lon="10.195610" lat="46.657910"/><trkpt lon="10.195950" lat="46.658510"/><trkpt lon="10.196330" lat="46.659000"/><trkpt lon="10.197030" lat="46.659700"/><trkpt lon="10.197220" lat="46.660040"/><trkpt lon="10.197370" lat="46.660620"/><trkpt lon="10.197420" lat="46.660750"/><trkpt lon="10.197630" lat="46.660940"/><trkpt lon="10.197860" lat="46.661020"/><trkpt lon="10.198140" lat="46.661040"/><trkpt lon="10.199270" lat="46.661040"/><trkpt lon="10.199560" lat="46.661100"/><trkpt lon="10.199810" lat="46.661200"/><trkpt lon="10.200060" lat="46.661400"/><trkpt lon="10.200220" lat="46.661740"/><trkpt lon="10.200450" lat="46.662470"/><trkpt lon="10.200610" lat="46.662680"/><trkpt lon="10.200910" lat="46.662920"/><trkpt lon="10.201260" lat="46.663090"/><trkpt lon="10.202660" lat="46.663570"/><trkpt lon="10.203330" lat="46.663720"/><trkpt lon="10.203800" lat="46.663750"/><trkpt lon="10.206650" lat="46.663650"/><trkpt lon="10.207510" lat="46.663660"/><trkpt lon="10.209270" lat="46.663790"/><trkpt lon="10.210470" lat="46.664100"/><trkpt lon="10.210980" lat="46.664150"/><trkpt lon="10.211470" lat="46.664100"/><trkpt lon="10.213170" lat="46.663570"/><trkpt lon="10.213780" lat="46.663430"/><trkpt lon="10.214530" lat="46.663350"/><trkpt lon="10.214830" lat="46.663280"/><trkpt lon="10.215480" lat="46.663000"/><trkpt lon="10.215720" lat="46.662910"/><trkpt lon="10.216070" lat="46.662870"/><trkpt lon="10.216250" lat="46.662880"/><trkpt lon="10.217020" lat="46.663150"/><trkpt lon="10.217520" lat="46.663340"/><trkpt lon="10.217850" lat="46.663380"/><trkpt lon="10.218140" lat="46.663370"/><trkpt lon="10.219590" lat="46.663210"/><trkpt lon="10.219860" lat="46.663090"/><trkpt lon="10.220040" lat="46.662930"/><trkpt lon="10.220330" lat="46.662550"/><trkpt lon="10.220570" lat="46.662400"/><trkpt lon="10.221300" lat="46.662040"/><trkpt lon="10.222500" lat="46.661630"/><trkpt lon="10.223320" lat="46.661480"/><trkpt lon="10.225030" lat="46.661270"/><trkpt lon="10.226280" lat="46.661340"/><trkpt lon="10.228070" lat="46.661220"/><trkpt lon="10.242080" lat="46.658190"/><trkpt lon="10.242550" lat="46.658050"/><trkpt lon="10.243050" lat="46.657840"/><trkpt lon="10.243670" lat="46.657440"/><trkpt lon="10.243990" lat="46.657290"/><trkpt lon="10.244310" lat="46.657210"/><trkpt lon="10.244880" lat="46.657110"/><trkpt lon="10.245100" lat="46.657030"/><trkpt lon="10.245710" lat="46.656720"/><trkpt lon="10.246620" lat="46.656410"/><trkpt lon="10.247300" lat="46.656280"/><trkpt lon="10.248260" lat="46.656140"/><trkpt lon="10.248520" lat="46.656010"/><trkpt lon="10.248730" lat="46.655810"/><trkpt lon="10.248810" lat="46.655650"/><trkpt lon="10.249090" lat="46.654660"/><trkpt lon="10.249290" lat="46.654400"/><trkpt lon="10.249520" lat="46.654210"/><trkpt lon="10.250010" lat="46.653990"/><trkpt lon="10.250370" lat="46.653900"/><trkpt lon="10.251290" lat="46.653800"/><trkpt lon="10.252220" lat="46.653830"/><trkpt lon="10.253030" lat="46.653820"/><trkpt lon="10.253840" lat="46.653740"/><trkpt lon="10.254420" lat="46.653640"/><trkpt lon="10.255210" lat="46.653410"/><trkpt lon="10.255920" lat="46.653130"/><trkpt lon="10.258750" lat="46.651890"/><trkpt lon="10.261810" lat="46.650890"/><trkpt lon="10.263580" lat="46.650040"/><trkpt lon="10.264020" lat="46.649790"/><trkpt lon="10.264330" lat="46.649450"/><trkpt lon="10.264780" lat="46.649050"/><trkpt lon="10.265320" lat="46.648740"/><trkpt lon="10.268500" lat="46.647620"/><trkpt lon="10.268790" lat="46.647470"/><trkpt lon="10.269300" lat="46.647030"/><trkpt lon="10.269620" lat="46.646840"/><trkpt lon="10.272030" lat="46.646030"/><trkpt lon="10.272410" lat="46.645980"/><trkpt lon="10.273100" lat="46.646040"/><trkpt lon="10.275820" lat="46.646620"/><trkpt lon="10.277360" lat="46.646590"/><trkpt lon="10.277770" lat="46.646480"/><trkpt lon="10.278010" lat="46.646340"/><trkpt lon="10.278160" lat="46.646150"/><trkpt lon="10.278300" lat="46.645710"/><trkpt lon="10.278390" lat="46.645200"/><trkpt lon="10.278610" lat="46.644790"/><trkpt lon="10.278970" lat="46.644470"/><trkpt lon="10.279230" lat="46.644340"/><trkpt lon="10.280150" lat="46.644080"/><trkpt lon="10.280590" lat="46.644080"/><trkpt lon="10.281150" lat="46.644200"/><trkpt lon="10.281370" lat="46.644190"/><trkpt lon="10.282020" lat="46.643790"/><trkpt lon="10.282250" lat="46.643670"/><trkpt lon="10.283500" lat="46.643390"/><trkpt lon="10.283840" lat="46.643360"/><trkpt lon="10.284270" lat="46.643370"/><trkpt lon="10.284790" lat="46.643480"/><trkpt lon="10.285440" lat="46.643500"/><trkpt lon="10.285640" lat="46.643470"/><trkpt lon="10.285790" lat="46.643370"/><trkpt lon="10.285860" lat="46.643250"/><trkpt lon="10.285820" lat="46.642940"/><trkpt lon="10.285810" lat="46.642710"/><trkpt lon="10.285940" lat="46.642470"/><trkpt lon="10.286180" lat="46.642310"/><trkpt lon="10.286780" lat="46.642020"/><trkpt lon="10.287020" lat="46.641870"/><trkpt lon="10.287250" lat="46.641600"/><trkpt lon="10.287520" lat="46.641350"/><trkpt lon="10.288060" lat="46.641040"/><trkpt lon="10.289100" lat="46.640790"/><trkpt lon="10.290760" lat="46.640390"/><trkpt lon="10.291240" lat="46.640070"/><trkpt lon="10.291500" lat="46.639950"/><trkpt lon="10.292470" lat="46.639680"/><trkpt lon="10.293950" lat="46.639230"/><trkpt lon="10.294340" lat="46.639220"/><trkpt lon="10.294600" lat="46.639250"/><trkpt lon="10.294860" lat="46.639390"/><trkpt lon="10.294940" lat="46.639530"/><trkpt lon="10.295020" lat="46.640150"/><trkpt lon="10.295100" lat="46.640350"/><trkpt lon="10.295570" lat="46.641010"/><trkpt lon="10.295860" lat="46.641130"/><trkpt lon="10.297110" lat="46.641190"/><trkpt lon="10.298830" lat="46.641040"/><trkpt lon="10.299200" lat="46.640960"/><trkpt lon="10.299340" lat="46.640860"/><trkpt lon="10.299670" lat="46.640210"/><trkpt lon="10.299680" lat="46.639980"/><trkpt lon="10.299580" lat="46.639820"/><trkpt lon="10.299360" lat="46.639670"/><trkpt lon="10.298470" lat="46.639310"/><trkpt lon="10.298360" lat="46.639190"/><trkpt lon="10.298340" lat="46.639090"/><trkpt lon="10.298440" lat="46.638880"/><trkpt lon="10.298580" lat="46.638730"/><trkpt lon="10.298730" lat="46.638670"/><trkpt lon="10.299330" lat="46.638680"/><trkpt lon="10.299650" lat="46.638660"/><trkpt lon="10.299900" lat="46.638580"/><trkpt lon="10.300620" lat="46.638220"/><trkpt lon="10.301530" lat="46.637870"/><trkpt lon="10.301670" lat="46.637750"/><trkpt lon="10.301740" lat="46.637590"/><trkpt lon="10.301740" lat="46.637210"/><trkpt lon="10.301580" lat="46.636830"/><trkpt lon="10.301590" lat="46.636570"/><trkpt lon="10.301770" lat="46.635950"/><trkpt lon="10.301640" lat="46.635390"/><trkpt lon="10.301650" lat="46.635240"/><trkpt lon="10.301750" lat="46.635100"/><trkpt lon="10.301880" lat="46.635030"/><trkpt lon="10.302100" lat="46.634990"/><trkpt lon="10.302320" lat="46.635040"/><trkpt lon="10.302460" lat="46.635120"/><trkpt lon="10.302690" lat="46.635370"/><trkpt lon="10.302820" lat="46.635460"/><trkpt lon="10.303070" lat="46.635500"/><trkpt lon="10.303770" lat="46.635500"/><trkpt lon="10.303980" lat="46.635570"/><trkpt lon="10.304590" lat="46.635820"/><trkpt lon="10.304780" lat="46.635810"/><trkpt lon="10.305220" lat="46.635640"/><trkpt lon="10.305440" lat="46.635620"/><trkpt lon="10.306060" lat="46.635710"/><trkpt lon="10.306510" lat="46.635710"/><trkpt lon="10.306990" lat="46.635670"/><trkpt lon="10.307780" lat="46.635530"/><trkpt lon="10.309400" lat="46.635480"/><trkpt lon="10.309690" lat="46.635410"/><trkpt lon="10.310250" lat="46.635210"/><trkpt lon="10.311500" lat="46.635000"/><trkpt lon="10.311650" lat="46.634960"/><trkpt lon="10.311740" lat="46.634890"/><trkpt lon="10.311840" lat="46.634580"/><trkpt lon="10.311920" lat="46.634470"/><trkpt lon="10.312180" lat="46.634300"/><trkpt lon="10.312600" lat="46.634170"/><trkpt lon="10.312710" lat="46.634090"/><trkpt lon="10.312680" lat="46.634040"/><trkpt lon="10.312540" lat="46.634020"/><trkpt lon="10.311350" lat="46.634430"/><trkpt lon="10.311100" lat="46.634490"/><trkpt lon="10.310360" lat="46.634530"/><trkpt lon="10.310130" lat="46.634490"/><trkpt lon="10.310100" lat="46.634420"/><trkpt lon="10.310180" lat="46.634370"/><trkpt lon="10.310980" lat="46.634230"/><trkpt lon="10.311440" lat="46.634030"/><trkpt lon="10.312120" lat="46.633620"/><trkpt lon="10.312360" lat="46.633570"/><trkpt lon="10.312400" lat="46.633520"/><trkpt lon="10.312350" lat="46.633460"/><trkpt lon="10.312200" lat="46.633460"/><trkpt lon="10.311790" lat="46.633600"/><trkpt lon="10.311640" lat="46.633620"/><trkpt lon="10.311420" lat="46.633560"/><trkpt lon="10.310250" lat="46.633130"/><trkpt lon="10.310150" lat="46.633040"/><trkpt lon="10.310140" lat="46.632940"/><trkpt lon="10.310190" lat="46.632860"/><trkpt lon="10.311080" lat="46.632120"/><trkpt lon="10.311600" lat="46.631840"/><trkpt lon="10.312430" lat="46.631470"/><trkpt lon="10.313040" lat="46.630950"/><trkpt lon="10.313290" lat="46.630760"/><trkpt lon="10.313450" lat="46.630700"/><trkpt lon="10.314300" lat="46.630680"/><trkpt lon="10.315270" lat="46.630620"/><trkpt lon="10.315480" lat="46.630650"/><trkpt lon="10.315680" lat="46.630750"/><trkpt lon="10.316220" lat="46.631080"/><trkpt lon="10.316520" lat="46.631140"/><trkpt lon="10.316900" lat="46.631130"/><trkpt lon="10.319460" lat="46.630580"/><trkpt lon="10.320260" lat="46.630250"/><trkpt lon="10.320860" lat="46.630010"/><trkpt lon="10.321780" lat="46.629750"/><trkpt lon="10.323350" lat="46.629390"/><trkpt lon="10.324720" lat="46.628760"/><trkpt lon="10.324980" lat="46.628760"/><trkpt lon="10.325170" lat="46.628820"/><trkpt lon="10.325820" lat="46.629400"/><trkpt lon="10.326780" lat="46.630240"/><trkpt lon="10.327010" lat="46.630350"/><trkpt lon="10.327250" lat="46.630380"/><trkpt lon="10.327430" lat="46.630350"/><trkpt lon="10.328160" lat="46.630020"/><trkpt lon="10.329070" lat="46.629510"/><trkpt lon="10.330280" lat="46.629160"/><trkpt lon="10.330540" lat="46.629050"/><trkpt lon="10.330820" lat="46.628880"/><trkpt lon="10.331250" lat="46.628400"/><trkpt lon="10.331560" lat="46.628120"/><trkpt lon="10.331940" lat="46.627920"/><trkpt lon="10.332810" lat="46.627660"/><trkpt lon="10.333120" lat="46.627520"/><trkpt lon="10.333400" lat="46.627280"/><trkpt lon="10.333740" lat="46.627090"/><trkpt lon="10.334290" lat="46.626950"/><trkpt lon="10.335450" lat="46.626770"/><trkpt lon="10.338810" lat="46.625590"/><trkpt lon="10.339340" lat="46.625460"/><trkpt lon="10.340200" lat="46.625350"/><trkpt lon="10.340520" lat="46.625280"/><trkpt lon="10.340670" lat="46.625150"/><trkpt lon="10.340660" lat="46.624940"/><trkpt lon="10.340450" lat="46.624290"/><trkpt lon="10.340500" lat="46.624140"/><trkpt lon="10.340630" lat="46.624030"/><trkpt lon="10.340990" lat="46.623930"/><trkpt lon="10.342690" lat="46.623530"/><trkpt lon="10.344720" lat="46.622900"/><trkpt lon="10.345380" lat="46.622760"/><trkpt lon="10.346300" lat="46.622610"/><trkpt lon="10.348240" lat="46.621950"/><trkpt lon="10.348550" lat="46.621820"/><trkpt lon="10.349060" lat="46.621470"/><trkpt lon="10.350220" lat="46.620380"/><trkpt lon="10.350910" lat="46.619830"/><trkpt lon="10.353500" lat="46.618030"/><trkpt lon="10.354290" lat="46.617580"/><trkpt lon="10.354920" lat="46.617310"/><trkpt lon="10.355540" lat="46.617110"/><trkpt lon="10.356580" lat="46.616880"/><trkpt lon="10.358400" lat="46.616640"/><trkpt lon="10.359560" lat="46.616440"/><trkpt lon="10.360910" lat="46.616110"/><trkpt lon="10.365490" lat="46.614820"/><trkpt lon="10.366510" lat="46.614440"/><trkpt lon="10.367110" lat="46.614160"/><trkpt lon="10.368040" lat="46.613640"/><trkpt lon="10.368600" lat="46.613270"/><trkpt lon="10.369470" lat="46.612540"/><trkpt lon="10.369950" lat="46.612040"/><trkpt lon="10.371110" lat="46.610520"/><trkpt lon="10.371710" lat="46.609820"/><trkpt lon="10.372840" lat="46.608880"/><trkpt lon="10.375360" lat="46.607050"/><trkpt lon="10.375860" lat="46.606730"/><trkpt lon="10.376350" lat="46.606480"/><trkpt lon="10.376820" lat="46.606310"/><trkpt lon="10.377420" lat="46.606170"/><trkpt lon="10.378090" lat="46.606090"/><trkpt lon="10.378810" lat="46.606100"/><trkpt lon="10.380870" lat="46.606270"/><trkpt lon="10.383560" lat="46.606210"/><trkpt lon="10.386230" lat="46.606290"/><trkpt lon="10.386840" lat="46.606290"/><trkpt lon="10.388570" lat="46.606150"/><trkpt lon="10.389370" lat="46.606030"/><trkpt lon="10.389750" lat="46.605910"/><trkpt lon="10.390210" lat="46.605690"/><trkpt lon="10.391000" lat="46.605180"/><trkpt lon="10.391390" lat="46.604900"/><trkpt lon="10.392080" lat="46.604630"/><trkpt lon="10.392670" lat="46.604200"/><trkpt lon="10.393510" lat="46.603750"/><trkpt lon="10.393890" lat="46.603530"/><trkpt lon="10.394470" lat="46.603160"/><trkpt lon="10.395390" lat="46.602800"/><trkpt lon="10.396120" lat="46.602500"/><trkpt lon="10.397080" lat="46.602030"/><trkpt lon="10.397280" lat="46.602010"/><trkpt lon="10.397550" lat="46.602070"/><trkpt lon="10.398230" lat="46.602510"/><trkpt lon="10.398450" lat="46.602590"/><trkpt lon="10.398610" lat="46.602590"/><trkpt lon="10.398790" lat="46.602530"/><trkpt lon="10.399590" lat="46.601970"/><trkpt lon="10.400410" lat="46.601560"/><trkpt lon="10.400880" lat="46.601210"/><trkpt lon="10.401110" lat="46.601150"/><trkpt lon="10.401330" lat="46.601200"/><trkpt lon="10.401510" lat="46.601340"/><trkpt lon="10.402010" lat="46.601840"/><trkpt lon="10.402240" lat="46.601960"/><trkpt lon="10.402450" lat="46.602030"/><trkpt lon="10.402980" lat="46.602070"/><trkpt lon="10.404590" lat="46.601960"/><trkpt lon="10.405200" lat="46.601860"/><trkpt lon="10.406890" lat="46.601370"/><trkpt lon="10.407820" lat="46.601120"/><trkpt lon="10.412180" lat="46.600270"/><trkpt lon="10.413100" lat="46.600180"/><trkpt lon="10.414020" lat="46.600190"/><trkpt lon="10.415160" lat="46.600240"/><trkpt lon="10.416960" lat="46.600280"/><trkpt lon="10.420030" lat="46.600570"/><trkpt lon="10.420630" lat="46.600680"/><trkpt lon="10.421880" lat="46.601000"/><trkpt lon="10.422200" lat="46.601060"/><trkpt lon="10.422520" lat="46.601010"/><trkpt lon="10.423000" lat="46.600860"/><trkpt lon="10.423230" lat="46.600890"/><trkpt lon="10.423680" lat="46.601170"/><trkpt lon="10.424020" lat="46.601110"/><trkpt lon="10.424140" lat="46.600870"/><trkpt lon="10.424390" lat="46.600680"/><trkpt lon="10.424500" lat="46.600440"/><trkpt lon="10.424820" lat="46.600090"/><trkpt lon="10.424920" lat="46.599960"/><trkpt lon="10.425060" lat="46.599880"/><trkpt lon="10.425750" lat="46.599610"/><trkpt lon="10.426060" lat="46.598120"/><trkpt lon="10.426130" lat="46.598020"/><trkpt lon="10.426330" lat="46.597980"/><trkpt lon="10.427360" lat="46.598480"/><trkpt lon="10.429020" lat="46.599260"/><trkpt lon="10.430080" lat="46.599580"/><trkpt lon="10.430520" lat="46.599830"/><trkpt lon="10.430620" lat="46.599860"/><trkpt lon="10.430710" lat="46.599830"/><trkpt lon="10.430730" lat="46.599750"/><trkpt lon="10.430460" lat="46.598550"/><trkpt lon="10.430370" lat="46.598180"/><trkpt lon="10.430440" lat="46.598130"/><trkpt lon="10.430520" lat="46.598140"/><trkpt lon="10.430760" lat="46.598320"/><trkpt lon="10.431300" lat="46.598530"/><trkpt lon="10.432320" lat="46.598860"/><trkpt lon="10.432610" lat="46.598890"/><trkpt lon="10.433240" lat="46.598880"/><trkpt lon="10.433290" lat="46.598830"/><trkpt lon="10.433250" lat="46.598760"/><trkpt lon="10.432740" lat="46.598500"/><trkpt lon="10.432630" lat="46.598370"/><trkpt lon="10.432620" lat="46.597720"/><trkpt lon="10.432600" lat="46.597430"/><trkpt lon="10.432440" lat="46.597300"/><trkpt lon="10.431760" lat="46.597070"/><trkpt lon="10.431290" lat="46.597020"/><trkpt lon="10.431180" lat="46.596930"/><trkpt lon="10.430640" lat="46.596320"/><trkpt lon="10.430660" lat="46.596250"/><trkpt lon="10.430760" lat="46.596250"/><trkpt lon="10.431250" lat="46.596650"/><trkpt lon="10.431480" lat="46.596790"/><trkpt lon="10.432260" lat="46.596850"/><trkpt lon="10.432340" lat="46.596830"/><trkpt lon="10.432310" lat="46.596760"/><trkpt lon="10.432110" lat="46.596740"/><trkpt lon="10.431680" lat="46.596680"/><trkpt lon="10.431480" lat="46.596520"/><trkpt lon="10.431130" lat="46.596080"/><trkpt lon="10.430960" lat="46.595990"/><trkpt lon="10.430530" lat="46.595870"/><trkpt lon="10.430260" lat="46.595770"/><trkpt lon="10.430200" lat="46.595700"/><trkpt lon="10.430230" lat="46.595630"/><trkpt lon="10.430330" lat="46.595610"/><trkpt lon="10.430450" lat="46.595660"/><trkpt lon="10.430620" lat="46.595790"/><trkpt lon="10.431180" lat="46.595880"/><trkpt lon="10.431410" lat="46.595970"/><trkpt lon="10.431790" lat="46.596330"/><trkpt lon="10.431890" lat="46.596350"/><trkpt lon="10.431960" lat="46.596310"/><trkpt lon="10.431940" lat="46.596230"/><trkpt lon="10.431750" lat="46.596080"/><trkpt lon="10.431470" lat="46.595730"/><trkpt lon="10.431210" lat="46.595600"/><trkpt lon="10.430820" lat="46.595450"/><trkpt lon="10.430640" lat="46.595230"/><trkpt lon="10.430570" lat="46.595190"/><trkpt lon="10.430310" lat="46.595160"/><trkpt lon="10.430010" lat="46.595040"/><trkpt lon="10.429830" lat="46.594960"/><trkpt lon="10.429260" lat="46.594800"/><trkpt lon="10.428870" lat="46.594700"/><trkpt lon="10.428230" lat="46.594290"/><trkpt lon="10.428220" lat="46.594190"/><trkpt lon="10.428330" lat="46.594080"/><trkpt lon="10.428820" lat="46.593940"/><trkpt lon="10.429040" lat="46.593650"/><trkpt lon="10.429160" lat="46.593610"/><trkpt lon="10.429270" lat="46.593640"/><trkpt lon="10.429300" lat="46.593720"/><trkpt lon="10.429110" lat="46.593960"/><trkpt lon="10.429080" lat="46.594090"/><trkpt lon="10.429280" lat="46.594400"/><trkpt lon="10.429340" lat="46.594420"/><trkpt lon="10.429400" lat="46.594380"/><trkpt lon="10.429370" lat="46.594210"/><trkpt lon="10.429440" lat="46.594020"/><trkpt lon="10.429910" lat="46.593530"/><trkpt lon="10.429940" lat="46.593380"/><trkpt lon="10.429810" lat="46.593040"/><trkpt lon="10.429690" lat="46.592870"/><trkpt lon="10.429780" lat="46.592810"/><trkpt lon="10.429860" lat="46.592820"/><trkpt lon="10.429930" lat="46.592990"/><trkpt lon="10.430190" lat="46.593410"/><trkpt lon="10.430230" lat="46.593570"/><trkpt lon="10.430160" lat="46.593850"/><trkpt lon="10.430290" lat="46.594090"/><trkpt lon="10.430360" lat="46.594130"/><trkpt lon="10.430430" lat="46.594110"/><trkpt lon="10.430440" lat="46.594030"/><trkpt lon="10.430340" lat="46.593840"/><trkpt lon="10.430480" lat="46.593640"/><trkpt lon="10.430500" lat="46.593450"/><trkpt lon="10.430460" lat="46.593030"/><trkpt lon="10.430410" lat="46.592870"/><trkpt lon="10.430470" lat="46.592830"/><trkpt lon="10.430570" lat="46.592860"/><trkpt lon="10.430580" lat="46.593050"/><trkpt lon="10.430730" lat="46.593500"/><trkpt lon="10.430780" lat="46.593760"/><trkpt lon="10.430890" lat="46.593780"/><trkpt lon="10.430920" lat="46.593720"/><trkpt lon="10.430810" lat="46.593410"/><trkpt lon="10.430800" lat="46.593020"/><trkpt lon="10.430800" lat="46.592810"/><trkpt lon="10.430960" lat="46.592590"/><trkpt lon="10.430960" lat="46.592500"/><trkpt lon="10.430740" lat="46.592270"/><trkpt lon="10.430550" lat="46.591900"/><trkpt lon="10.430530" lat="46.591710"/><trkpt lon="10.430670" lat="46.590830"/><trkpt lon="10.430790" lat="46.590510"/><trkpt lon="10.430940" lat="46.590290"/><trkpt lon="10.431010" lat="46.590120"/><trkpt lon="10.430900" lat="46.589810"/><trkpt lon="10.430930" lat="46.589760"/><trkpt lon="10.431000" lat="46.589740"/><trkpt lon="10.431050" lat="46.589760"/><trkpt lon="10.431080" lat="46.589820"/><trkpt lon="10.431140" lat="46.590260"/><trkpt lon="10.431090" lat="46.590500"/><trkpt lon="10.431070" lat="46.590760"/><trkpt lon="10.430960" lat="46.590920"/><trkpt lon="10.431030" lat="46.590970"/><trkpt lon="10.431100" lat="46.590950"/><trkpt lon="10.431230" lat="46.590760"/><trkpt lon="10.431370" lat="46.590220"/><trkpt lon="10.431260" lat="46.589500"/><trkpt lon="10.431260" lat="46.589260"/><trkpt lon="10.431300" lat="46.589200"/><trkpt lon="10.431440" lat="46.589110"/><trkpt lon="10.431790" lat="46.588910"/><trkpt lon="10.431830" lat="46.588790"/><trkpt lon="10.431820" lat="46.588520"/><trkpt lon="10.431920" lat="46.588490"/><trkpt lon="10.431980" lat="46.588560"/><trkpt lon="10.431950" lat="46.589010"/><trkpt lon="10.431620" lat="46.589340"/><trkpt lon="10.431600" lat="46.589410"/><trkpt lon="10.431690" lat="46.589450"/><trkpt lon="10.431790" lat="46.589420"/><trkpt lon="10.432110" lat="46.589170"/><trkpt lon="10.432480" lat="46.588460"/><trkpt lon="10.432620" lat="46.588260"/><trkpt lon="10.433040" lat="46.588010"/><trkpt lon="10.433160" lat="46.587870"/><trkpt lon="10.433190" lat="46.587730"/><trkpt lon="10.433040" lat="46.587340"/><trkpt lon="10.433050" lat="46.587160"/><trkpt lon="10.433280" lat="46.586890"/><trkpt lon="10.433650" lat="46.586160"/><trkpt lon="10.433870" lat="46.585920"/><trkpt lon="10.434540" lat="46.585360"/><trkpt lon="10.434690" lat="46.585190"/><trkpt lon="10.434790" lat="46.584980"/><trkpt lon="10.434850" lat="46.584730"/><trkpt lon="10.435140" lat="46.584400"/><trkpt lon="10.435460" lat="46.584200"/><trkpt lon="10.436600" lat="46.583700"/><trkpt lon="10.436760" lat="46.583600"/><trkpt lon="10.436860" lat="46.583460"/><trkpt lon="10.436910" lat="46.583060"/><trkpt lon="10.437040" lat="46.582850"/><trkpt lon="10.437250" lat="46.582640"/><trkpt lon="10.437610" lat="46.582380"/><trkpt lon="10.438300" lat="46.581640"/><trkpt lon="10.438510" lat="46.581360"/><trkpt lon="10.438680" lat="46.580960"/><trkpt lon="10.438910" lat="46.580320"/><trkpt lon="10.439030" lat="46.580140"/><trkpt lon="10.439190" lat="46.579990"/><trkpt lon="10.440050" lat="46.579690"/><trkpt lon="10.440260" lat="46.579570"/><trkpt lon="10.440280" lat="46.579350"/><trkpt lon="10.440520" lat="46.579010"/><trkpt lon="10.440650" lat="46.578780"/><trkpt lon="10.440680" lat="46.578550"/><trkpt lon="10.440580" lat="46.578200"/><trkpt lon="10.440210" lat="46.577360"/><trkpt lon="10.440040" lat="46.577170"/><trkpt lon="10.439890" lat="46.577110"/><trkpt lon="10.439480" lat="46.577070"/><trkpt lon="10.439370" lat="46.577030"/><trkpt lon="10.439250" lat="46.576940"/><trkpt lon="10.439180" lat="46.576750"/><trkpt lon="10.439050" lat="46.576120"/><trkpt lon="10.438950" lat="46.576110"/><trkpt lon="10.438900" lat="46.576150"/><trkpt lon="10.438920" lat="46.576370"/><trkpt lon="10.438760" lat="46.576850"/><trkpt lon="10.438820" lat="46.577140"/><trkpt lon="10.438810" lat="46.577340"/><trkpt lon="10.438730" lat="46.577630"/><trkpt lon="10.438480" lat="46.578040"/><trkpt lon="10.438400" lat="46.578090"/><trkpt lon="10.438330" lat="46.578070"/><trkpt lon="10.438310" lat="46.578020"/><trkpt lon="10.438450" lat="46.577760"/><trkpt lon="10.438490" lat="46.577610"/><trkpt lon="10.438420" lat="46.577310"/><trkpt lon="10.438180" lat="46.576750"/><trkpt lon="10.438070" lat="46.576170"/><trkpt lon="10.437820" lat="46.575860"/><trkpt lon="10.437850" lat="46.575490"/><trkpt lon="10.437870" lat="46.574640"/><trkpt lon="10.437780" lat="46.574200"/><trkpt lon="10.437610" lat="46.573840"/><trkpt lon="10.437330" lat="46.573480"/><trkpt lon="10.437230" lat="46.572860"/><trkpt lon="10.437230" lat="46.572430"/><trkpt lon="10.437070" lat="46.571960"/><trkpt lon="10.437000" lat="46.571660"/><trkpt lon="10.437100" lat="46.571300"/><trkpt lon="10.437090" lat="46.571090"/><trkpt lon="10.436970" lat="46.570600"/><trkpt lon="10.437010" lat="46.570500"/><trkpt lon="10.437170" lat="46.570420"/><trkpt lon="10.437700" lat="46.570330"/><trkpt lon="10.437830" lat="46.570220"/><trkpt lon="10.438330" lat="46.569490"/><trkpt lon="10.438360" lat="46.569360"/><trkpt lon="10.438330" lat="46.569180"/><trkpt lon="10.438140" lat="46.568940"/><trkpt lon="10.436920" lat="46.567940"/><trkpt lon="10.436960" lat="46.567880"/><trkpt lon="10.437280" lat="46.567940"/><trkpt lon="10.437560" lat="46.567960"/><trkpt lon="10.438200" lat="46.567940"/><trkpt lon="10.438250" lat="46.567870"/><trkpt lon="10.438190" lat="46.567820"/><trkpt lon="10.437740" lat="46.567640"/><trkpt lon="10.436980" lat="46.566800"/><trkpt lon="10.436800" lat="46.566660"/><trkpt lon="10.436820" lat="46.566600"/><trkpt lon="10.436920" lat="46.566570"/><trkpt lon="10.437550" lat="46.566850"/><trkpt lon="10.437690" lat="46.566900"/><trkpt lon="10.437770" lat="46.566860"/><trkpt lon="10.437760" lat="46.566780"/><trkpt lon="10.437560" lat="46.566560"/><trkpt lon="10.437010" lat="46.566010"/><trkpt lon="10.436950" lat="46.565910"/><trkpt lon="10.437020" lat="46.565860"/><trkpt lon="10.437110" lat="46.565870"/><trkpt lon="10.438070" lat="46.566370"/><trkpt lon="10.438150" lat="46.566310"/><trkpt lon="10.438130" lat="46.566230"/><trkpt lon="10.437960" lat="46.566080"/><trkpt lon="10.437810" lat="46.565910"/><trkpt lon="10.437230" lat="46.564740"/><trkpt lon="10.436700" lat="46.564250"/><trkpt lon="10.436380" lat="46.563850"/><trkpt lon="10.436060" lat="46.563290"/><trkpt lon="10.435810" lat="46.562750"/><trkpt lon="10.435230" lat="46.561900"/><trkpt lon="10.434800" lat="46.560730"/><trkpt lon="10.434760" lat="46.560290"/><trkpt lon="10.434940" lat="46.559430"/><trkpt lon="10.434940" lat="46.559230"/><trkpt lon="10.434710" lat="46.558540"/><trkpt lon="10.434690" lat="46.558360"/><trkpt lon="10.434750" lat="46.558230"/><trkpt lon="10.435270" lat="46.557800"/><trkpt lon="10.435390" lat="46.557670"/><trkpt lon="10.435690" lat="46.557230"/><trkpt lon="10.436300" lat="46.556730"/><trkpt lon="10.436320" lat="46.556660"/><trkpt lon="10.436260" lat="46.556590"/><trkpt lon="10.436140" lat="46.556580"/><trkpt lon="10.436040" lat="46.556640"/><trkpt lon="10.435850" lat="46.556860"/><trkpt lon="10.435260" lat="46.557010"/><trkpt lon="10.434810" lat="46.557190"/><trkpt lon="10.433710" lat="46.557990"/><trkpt lon="10.433390" lat="46.558260"/><trkpt lon="10.433310" lat="46.558250"/><trkpt lon="10.433320" lat="46.558170"/><trkpt lon="10.433680" lat="46.557820"/><trkpt lon="10.434050" lat="46.557200"/><trkpt lon="10.434110" lat="46.556690"/><trkpt lon="10.434120" lat="46.556330"/><trkpt lon="10.434330" lat="46.556080"/><trkpt lon="10.434430" lat="46.555940"/><trkpt lon="10.434470" lat="46.555790"/><trkpt lon="10.434420" lat="46.555440"/><trkpt lon="10.434470" lat="46.555240"/><trkpt lon="10.434610" lat="46.555010"/><trkpt lon="10.435080" lat="46.554680"/><trkpt lon="10.435680" lat="46.554040"/><trkpt lon="10.435810" lat="46.553670"/><trkpt lon="10.435960" lat="46.553510"/><trkpt lon="10.436290" lat="46.553310"/><trkpt lon="10.436720" lat="46.552910"/><trkpt lon="10.437160" lat="46.552630"/><trkpt lon="10.437420" lat="46.552370"/><trkpt lon="10.437380" lat="46.552310"/><trkpt lon="10.437300" lat="46.552290"/><trkpt lon="10.436880" lat="46.552380"/><trkpt lon="10.436630" lat="46.552480"/><trkpt lon="10.436030" lat="46.552910"/><trkpt lon="10.435910" lat="46.552910"/><trkpt lon="10.435870" lat="46.552840"/><trkpt lon="10.436100" lat="46.552570"/><trkpt lon="10.436370" lat="46.552090"/><trkpt lon="10.436530" lat="46.551940"/><trkpt lon="10.436960" lat="46.551650"/><trkpt lon="10.437070" lat="46.551370"/><trkpt lon="10.437190" lat="46.551160"/><trkpt lon="10.437420" lat="46.550940"/><trkpt lon="10.437580" lat="46.550710"/><trkpt lon="10.437760" lat="46.550310"/><trkpt lon="10.437890" lat="46.549930"/><trkpt lon="10.437840" lat="46.549890"/><trkpt lon="10.437740" lat="46.549910"/><trkpt lon="10.437570" lat="46.550100"/><trkpt lon="10.437220" lat="46.550440"/><trkpt lon="10.437010" lat="46.550590"/><trkpt lon="10.436240" lat="46.550960"/><trkpt lon="10.436080" lat="46.551080"/><trkpt lon="10.436010" lat="46.551290"/><trkpt lon="10.435960" lat="46.551330"/><trkpt lon="10.435880" lat="46.551330"/><trkpt lon="10.435840" lat="46.551230"/><trkpt lon="10.435910" lat="46.551010"/><trkpt lon="10.436400" lat="46.550590"/><trkpt lon="10.436740" lat="46.550040"/><trkpt lon="10.436970" lat="46.549320"/><trkpt lon="10.436950" lat="46.548840"/><trkpt lon="10.436840" lat="46.547860"/><trkpt lon="10.436930" lat="46.547450"/><trkpt lon="10.436930" lat="46.547270"/><trkpt lon="10.436720" lat="46.546460"/><trkpt lon="10.436790" lat="46.546030"/><trkpt lon="10.436930" lat="46.545640"/><trkpt lon="10.436890" lat="46.545580"/><trkpt lon="10.436790" lat="46.545570"/><trkpt lon="10.436510" lat="46.545960"/><trkpt lon="10.436270" lat="46.546180"/><trkpt lon="10.436080" lat="46.546770"/><trkpt lon="10.435950" lat="46.547320"/><trkpt lon="10.435450" lat="46.547820"/><trkpt lon="10.435240" lat="46.548070"/><trkpt lon="10.435170" lat="46.548270"/><trkpt lon="10.435070" lat="46.548290"/><trkpt lon="10.435010" lat="46.548240"/><trkpt lon="10.435150" lat="46.547660"/><trkpt lon="10.435270" lat="46.547080"/><trkpt lon="10.435010" lat="46.546240"/><trkpt lon="10.434990" lat="46.545980"/><trkpt lon="10.435010" lat="46.545590"/><trkpt lon="10.434870" lat="46.545190"/><trkpt lon="10.434810" lat="46.544740"/><trkpt lon="10.434760" lat="46.544600"/><trkpt lon="10.434350" lat="46.544230"/><trkpt lon="10.434240" lat="46.544040"/><trkpt lon="10.434240" lat="46.543850"/><trkpt lon="10.434360" lat="46.543500"/><trkpt lon="10.434270" lat="46.543320"/><trkpt lon="10.434120" lat="46.543210"/><trkpt lon="10.433390" lat="46.542800"/><trkpt lon="10.433240" lat="46.542660"/><trkpt lon="10.433190" lat="46.542440"/><trkpt lon="10.433180" lat="46.541650"/><trkpt lon="10.433120" lat="46.541460"/><trkpt lon="10.432770" lat="46.540970"/><trkpt lon="10.432740" lat="46.540810"/><trkpt lon="10.433100" lat="46.539800"/><trkpt lon="10.433280" lat="46.539730"/><trkpt lon="10.434170" lat="46.539300"/><trkpt lon="10.434300" lat="46.539200"/><trkpt lon="10.434530" lat="46.538880"/><trkpt lon="10.435160" lat="46.537890"/><trkpt lon="10.435320" lat="46.537700"/><trkpt lon="10.435560" lat="46.537580"/><trkpt lon="10.436550" lat="46.537200"/><trkpt lon="10.436680" lat="46.537040"/><trkpt lon="10.436890" lat="46.536640"/><trkpt lon="10.437720" lat="46.535910"/><trkpt lon="10.437830" lat="46.535890"/><trkpt lon="10.438320" lat="46.536190"/><trkpt lon="10.438370" lat="46.536120"/><trkpt lon="10.438350" lat="46.535810"/><trkpt lon="10.438790" lat="46.533860"/><trkpt lon="10.438870" lat="46.533550"/><trkpt lon="10.439650" lat="46.532260"/><trkpt lon="10.439800" lat="46.532260"/><trkpt lon="10.441840" lat="46.533350"/><trkpt lon="10.442110" lat="46.533420"/><trkpt lon="10.442340" lat="46.533410"/><trkpt lon="10.442660" lat="46.533300"/><trkpt lon="10.443020" lat="46.533080"/><trkpt lon="10.443200" lat="46.532890"/><trkpt lon="10.443700" lat="46.531980"/><trkpt lon="10.443940" lat="46.531800"/><trkpt lon="10.444590" lat="46.531540"/><trkpt lon="10.444760" lat="46.531530"/><trkpt lon="10.444870" lat="46.531590"/><trkpt lon="10.444940" lat="46.531730"/><trkpt lon="10.444890" lat="46.532160"/><trkpt lon="10.444660" lat="46.532710"/><trkpt lon="10.444610" lat="46.532890"/><trkpt lon="10.444690" lat="46.533190"/><trkpt lon="10.444830" lat="46.533250"/><trkpt lon="10.445080" lat="46.533210"/><trkpt lon="10.445450" lat="46.533100"/><trkpt lon="10.446760" lat="46.532400"/><trkpt lon="10.447010" lat="46.532310"/><trkpt lon="10.447430" lat="46.532310"/><trkpt lon="10.447920" lat="46.532290"/><trkpt lon="10.448150" lat="46.532220"/><trkpt lon="10.448260" lat="46.532070"/><trkpt lon="10.448040" lat="46.531160"/><trkpt lon="10.447960" lat="46.531000"/><trkpt lon="10.447300" lat="46.530550"/><trkpt lon="10.447240" lat="46.530390"/><trkpt lon="10.447330" lat="46.530290"/><trkpt lon="10.447510" lat="46.530250"/><trkpt lon="10.447800" lat="46.530330"/><trkpt lon="10.448400" lat="46.530650"/><trkpt lon="10.448510" lat="46.530680"/><trkpt lon="10.448620" lat="46.530660"/><trkpt lon="10.448700" lat="46.530600"/><trkpt lon="10.448740" lat="46.530500"/><trkpt lon="10.448910" lat="46.529360"/><trkpt lon="10.449080" lat="46.529260"/><trkpt lon="10.449260" lat="46.529230"/><trkpt lon="10.451070" lat="46.529580"/><trkpt lon="10.451260" lat="46.529690"/><trkpt lon="10.451260" lat="46.529810"/><trkpt lon="10.451170" lat="46.530030"/><trkpt lon="10.451250" lat="46.530060"/><trkpt lon="10.451330" lat="46.530030"/><trkpt lon="10.451990" lat="46.529600"/><trkpt lon="10.452290" lat="46.529300"/><trkpt lon="10.452830" lat="46.528750"/><trkpt lon="10.453030" lat="46.528640"/><trkpt lon="10.453210" lat="46.528620"/><trkpt lon="10.453450" lat="46.528640"/><trkpt lon="10.453760" lat="46.528810"/><trkpt lon="10.454340" lat="46.529200"/><trkpt lon="10.454550" lat="46.529740"/><trkpt lon="10.454690" lat="46.530280"/><trkpt lon="10.455040" lat="46.530550"/><trkpt lon="10.455130" lat="46.530630"/><trkpt lon="10.455470" lat="46.531090"/><trkpt lon="10.455650" lat="46.531270"/><trkpt lon="10.455840" lat="46.531360"/><trkpt lon="10.456340" lat="46.531570"/><trkpt lon="10.456430" lat="46.531570"/><trkpt lon="10.456450" lat="46.531520"/><trkpt lon="10.455940" lat="46.531260"/><trkpt lon="10.455780" lat="46.531140"/><trkpt lon="10.455710" lat="46.530960"/><trkpt lon="10.455470" lat="46.530370"/><trkpt lon="10.455270" lat="46.530180"/><trkpt lon="10.455220" lat="46.530030"/><trkpt lon="10.455340" lat="46.529460"/><trkpt lon="10.455410" lat="46.529430"/><trkpt lon="10.455470" lat="46.529470"/><trkpt lon="10.455360" lat="46.529960"/><trkpt lon="10.455400" lat="46.530010"/><trkpt lon="10.455480" lat="46.530000"/><trkpt lon="10.455510" lat="46.529860"/><trkpt lon="10.455610" lat="46.529610"/><trkpt lon="10.455680" lat="46.529430"/><trkpt lon="10.455750" lat="46.529450"/><trkpt lon="10.455730" lat="46.529590"/><trkpt lon="10.455690" lat="46.529900"/><trkpt lon="10.455770" lat="46.530020"/><trkpt lon="10.456120" lat="46.530280"/><trkpt lon="10.456600" lat="46.530780"/><trkpt lon="10.456770" lat="46.530870"/><trkpt lon="10.457330" lat="46.531120"/><trkpt lon="10.457480" lat="46.531240"/><trkpt lon="10.457540" lat="46.531200"/><trkpt lon="10.457450" lat="46.531100"/><trkpt lon="10.456810" lat="46.530640"/><trkpt lon="10.456570" lat="46.530360"/><trkpt lon="10.456440" lat="46.530060"/><trkpt lon="10.456490" lat="46.530040"/><trkpt lon="10.456550" lat="46.530060"/><trkpt lon="10.456720" lat="46.530330"/><trkpt lon="10.457400" lat="46.530710"/><trkpt lon="10.457820" lat="46.531020"/><trkpt lon="10.458110" lat="46.531490"/><trkpt lon="10.458150" lat="46.531710"/><trkpt lon="10.458200" lat="46.531740"/><trkpt lon="10.458250" lat="46.531730"/><trkpt lon="10.458060" lat="46.531090"/><trkpt lon="10.457800" lat="46.530660"/><trkpt lon="10.457460" lat="46.530230"/><trkpt lon="10.457160" lat="46.529940"/><trkpt lon="10.457210" lat="46.529910"/><trkpt lon="10.457670" lat="46.530180"/><trkpt lon="10.458210" lat="46.530610"/><trkpt lon="10.458840" lat="46.531400"/><trkpt lon="10.459090" lat="46.532050"/><trkpt lon="10.459210" lat="46.532210"/><trkpt lon="10.459450" lat="46.532390"/><trkpt lon="10.459930" lat="46.532630"/><trkpt lon="10.460640" lat="46.532930"/><trkpt lon="10.461270" lat="46.533140"/><trkpt lon="10.461320" lat="46.533110"/><trkpt lon="10.461110" lat="46.533010"/><trkpt lon="10.460470" lat="46.532690"/><trkpt lon="10.460160" lat="46.532480"/><trkpt lon="10.459970" lat="46.532260"/><trkpt lon="10.459740" lat="46.531860"/><trkpt lon="10.459550" lat="46.531380"/><trkpt lon="10.459430" lat="46.530690"/><trkpt lon="10.459290" lat="46.530430"/><trkpt lon="10.459310" lat="46.530380"/><trkpt lon="10.459370" lat="46.530390"/><trkpt lon="10.459650" lat="46.530670"/><trkpt lon="10.459770" lat="46.530850"/><trkpt lon="10.459870" lat="46.531220"/><trkpt lon="10.460350" lat="46.531750"/><trkpt lon="10.460600" lat="46.532010"/><trkpt lon="10.460790" lat="46.532110"/><trkpt lon="10.461120" lat="46.532220"/><trkpt lon="10.461480" lat="46.532420"/><trkpt lon="10.462030" lat="46.532500"/><trkpt lon="10.462770" lat="46.532730"/><trkpt lon="10.463960" lat="46.533010"/><trkpt lon="10.464020" lat="46.533000"/><trkpt lon="10.463980" lat="46.532940"/><trkpt lon="10.463180" lat="46.532650"/><trkpt lon="10.462810" lat="46.532520"/><trkpt lon="10.462300" lat="46.532230"/><trkpt lon="10.461840" lat="46.532000"/><trkpt lon="10.461520" lat="46.531820"/><trkpt lon="10.461210" lat="46.531310"/><trkpt lon="10.460910" lat="46.530990"/><trkpt lon="10.460900" lat="46.530950"/><trkpt lon="10.460950" lat="46.530920"/><trkpt lon="10.461020" lat="46.530940"/><trkpt lon="10.461800" lat="46.531620"/><trkpt lon="10.462530" lat="46.531900"/><trkpt lon="10.463000" lat="46.532070"/><trkpt lon="10.464030" lat="46.532310"/><trkpt lon="10.464330" lat="46.532440"/><trkpt lon="10.464650" lat="46.532590"/><trkpt lon="10.464700" lat="46.532570"/><trkpt lon="10.464670" lat="46.532520"/><trkpt lon="10.464190" lat="46.532210"/><trkpt lon="10.463440" lat="46.531900"/><trkpt lon="10.463430" lat="46.531840"/><trkpt lon="10.463520" lat="46.531830"/><trkpt lon="10.464160" lat="46.532040"/><trkpt lon="10.465730" lat="46.532650"/><trkpt lon="10.466060" lat="46.532770"/><trkpt lon="10.466640" lat="46.532790"/><trkpt lon="10.468700" lat="46.532850"/><trkpt lon="10.469200" lat="46.532810"/><trkpt lon="10.469570" lat="46.532810"/><trkpt lon="10.470080" lat="46.532840"/><trkpt lon="10.470920" lat="46.532930"/><trkpt lon="10.472210" lat="46.533180"/><trkpt lon="10.472850" lat="46.533380"/><trkpt lon="10.472940" lat="46.533380"/><trkpt lon="10.472940" lat="46.533330"/><trkpt lon="10.472630" lat="46.533220"/><trkpt lon="10.471030" lat="46.532650"/><trkpt lon="10.471000" lat="46.532600"/><trkpt lon="10.471070" lat="46.532580"/><trkpt lon="10.473240" lat="46.533040"/><trkpt lon="10.473950" lat="46.533280"/><trkpt lon="10.474460" lat="46.533530"/><trkpt lon="10.474820" lat="46.533550"/><trkpt lon="10.475880" lat="46.533710"/><trkpt lon="10.476500" lat="46.533720"/><trkpt lon="10.477800" lat="46.533920"/><trkpt lon="10.477860" lat="46.533890"/><trkpt lon="10.477810" lat="46.533850"/><trkpt lon="10.476460" lat="46.533450"/><trkpt lon="10.476270" lat="46.533380"/><trkpt lon="10.476310" lat="46.533330"/><trkpt lon="10.477050" lat="46.533510"/><trkpt lon="10.477840" lat="46.533640"/><trkpt lon="10.477870" lat="46.533590"/><trkpt lon="10.477830" lat="46.533560"/><trkpt lon="10.477250" lat="46.533410"/><trkpt lon="10.476490" lat="46.533060"/><trkpt lon="10.476240" lat="46.532970"/><trkpt lon="10.476250" lat="46.532920"/><trkpt lon="10.476290" lat="46.532900"/><trkpt lon="10.476660" lat="46.533010"/><trkpt lon="10.477760" lat="46.533290"/><trkpt lon="10.477980" lat="46.533290"/><trkpt lon="10.478710" lat="46.533250"/><trkpt lon="10.480520" lat="46.533340"/><trkpt lon="10.481630" lat="46.533490"/><trkpt lon="10.482420" lat="46.533510"/><trkpt lon="10.482780" lat="46.533560"/><trkpt lon="10.483160" lat="46.533660"/><trkpt lon="10.483230" lat="46.533640"/><trkpt lon="10.483200" lat="46.533570"/><trkpt lon="10.482470" lat="46.533370"/><trkpt lon="10.482040" lat="46.533290"/><trkpt lon="10.481250" lat="46.533050"/><trkpt lon="10.481230" lat="46.532990"/><trkpt lon="10.481310" lat="46.532980"/><trkpt lon="10.481860" lat="46.533090"/><trkpt lon="10.482530" lat="46.533090"/><trkpt lon="10.482790" lat="46.533120"/><trkpt lon="10.483240" lat="46.533260"/><trkpt lon="10.483340" lat="46.533250"/><trkpt lon="10.483340" lat="46.533210"/><trkpt lon="10.482630" lat="46.532930"/><trkpt lon="10.482180" lat="46.532800"/><trkpt lon="10.482160" lat="46.532760"/><trkpt lon="10.482230" lat="46.532740"/><trkpt lon="10.483970" lat="46.533120"/><trkpt lon="10.484250" lat="46.533280"/><trkpt lon="10.484440" lat="46.533320"/><trkpt lon="10.484900" lat="46.533270"/><trkpt lon="10.485110" lat="46.533280"/><trkpt lon="10.486410" lat="46.533650"/><trkpt lon="10.486800" lat="46.533810"/><trkpt lon="10.486850" lat="46.533770"/><trkpt lon="10.486660" lat="46.533670"/><trkpt lon="10.486340" lat="46.533480"/><trkpt lon="10.485110" lat="46.532980"/><trkpt lon="10.485100" lat="46.532940"/><trkpt lon="10.485150" lat="46.532910"/><trkpt lon="10.486350" lat="46.533240"/><trkpt lon="10.486870" lat="46.533430"/><trkpt lon="10.487570" lat="46.533570"/><trkpt lon="10.488270" lat="46.533910"/><trkpt lon="10.488340" lat="46.533910"/><trkpt lon="10.488350" lat="46.533870"/><trkpt lon="10.488020" lat="46.533700"/><trkpt lon="10.487660" lat="46.533380"/><trkpt lon="10.485480" lat="46.532450"/><trkpt lon="10.485440" lat="46.532400"/><trkpt lon="10.485510" lat="46.532360"/><trkpt lon="10.485760" lat="46.532450"/><trkpt lon="10.487140" lat="46.532750"/><trkpt lon="10.487830" lat="46.532910"/><trkpt lon="10.488440" lat="46.533170"/><trkpt lon="10.489420" lat="46.533410"/><trkpt lon="10.490350" lat="46.533820"/><trkpt lon="10.490430" lat="46.533820"/><trkpt lon="10.490430" lat="46.533750"/><trkpt lon="10.489280" lat="46.532960"/><trkpt lon="10.488630" lat="46.532650"/><trkpt lon="10.488350" lat="46.532450"/><trkpt lon="10.488030" lat="46.532210"/><trkpt lon="10.487590" lat="46.532030"/><trkpt lon="10.487550" lat="46.531980"/><trkpt lon="10.487600" lat="46.531940"/><trkpt lon="10.487690" lat="46.531930"/><trkpt lon="10.487890" lat="46.532020"/><trkpt lon="10.488490" lat="46.532220"/><trkpt lon="10.489290" lat="46.532380"/><trkpt lon="10.489520" lat="46.532480"/><trkpt lon="10.489950" lat="46.532590"/><trkpt lon="10.490950" lat="46.533030"/><trkpt lon="10.491620" lat="46.533430"/><trkpt lon="10.491930" lat="46.533570"/><trkpt lon="10.492240" lat="46.533600"/><trkpt lon="10.492880" lat="46.533870"/><trkpt lon="10.492950" lat="46.533840"/><trkpt lon="10.492920" lat="46.533780"/><trkpt lon="10.492400" lat="46.533490"/><trkpt lon="10.491930" lat="46.533320"/><trkpt lon="10.491900" lat="46.533280"/><trkpt lon="10.491930" lat="46.533240"/><trkpt lon="10.492020" lat="46.533230"/><trkpt lon="10.492680" lat="46.533460"/><trkpt lon="10.493820" lat="46.533750"/><trkpt lon="10.495050" lat="46.534380"/><trkpt lon="10.495950" lat="46.534760"/><trkpt lon="10.496460" lat="46.535110"/><trkpt lon="10.497300" lat="46.535620"/><trkpt lon="10.497550" lat="46.535710"/><trkpt lon="10.498110" lat="46.535800"/><trkpt lon="10.498620" lat="46.535930"/><trkpt lon="10.498770" lat="46.536020"/><trkpt lon="10.498980" lat="46.536200"/><trkpt lon="10.499270" lat="46.536380"/><trkpt lon="10.499430" lat="46.536660"/><trkpt lon="10.499710" lat="46.536880"/><trkpt lon="10.500270" lat="46.537110"/><trkpt lon="10.500470" lat="46.537390"/><trkpt lon="10.500500" lat="46.538130"/><trkpt lon="10.500510" lat="46.538530"/><trkpt lon="10.500170" lat="46.539060"/><trkpt lon="10.500000" lat="46.539250"/><trkpt lon="10.500000" lat="46.539280"/><trkpt lon="10.500060" lat="46.539310"/><trkpt lon="10.500120" lat="46.539300"/><trkpt lon="10.500440" lat="46.538940"/><trkpt lon="10.500830" lat="46.538680"/><trkpt lon="10.500890" lat="46.538620"/><trkpt lon="10.501130" lat="46.537880"/><trkpt lon="10.501270" lat="46.537670"/><trkpt lon="10.501320" lat="46.537500"/><trkpt lon="10.501310" lat="46.537320"/><trkpt lon="10.501410" lat="46.537310"/><trkpt lon="10.501460" lat="46.537390"/><trkpt lon="10.501420" lat="46.538040"/><trkpt lon="10.501400" lat="46.538610"/><trkpt lon="10.501310" lat="46.538950"/><trkpt lon="10.500810" lat="46.539970"/><trkpt lon="10.500770" lat="46.540170"/><trkpt lon="10.500680" lat="46.540320"/><trkpt lon="10.500300" lat="46.540630"/><trkpt lon="10.499860" lat="46.541190"/><trkpt lon="10.499600" lat="46.541420"/><trkpt lon="10.499660" lat="46.541450"/><trkpt lon="10.500360" lat="46.540960"/><trkpt lon="10.500710" lat="46.540770"/><trkpt lon="10.501260" lat="46.540690"/><trkpt lon="10.501730" lat="46.540740"/><trkpt lon="10.501990" lat="46.540680"/><trkpt lon="10.502070" lat="46.540680"/><trkpt lon="10.502090" lat="46.540720"/><trkpt lon="10.502020" lat="46.540770"/><trkpt lon="10.501330" lat="46.540860"/><trkpt lon="10.501030" lat="46.540900"/><trkpt lon="10.501050" lat="46.540960"/><trkpt lon="10.501410" lat="46.540950"/><trkpt lon="10.501800" lat="46.540950"/><trkpt lon="10.502260" lat="46.540830"/><trkpt lon="10.502320" lat="46.540870"/><trkpt lon="10.502270" lat="46.540920"/><trkpt lon="10.501300" lat="46.541240"/><trkpt lon="10.501060" lat="46.541330"/><trkpt lon="10.501070" lat="46.541370"/><trkpt lon="10.501140" lat="46.541390"/><trkpt lon="10.502130" lat="46.541160"/><trkpt lon="10.502930" lat="46.540990"/><trkpt lon="10.503000" lat="46.541030"/><trkpt lon="10.502960" lat="46.541080"/><trkpt lon="10.502050" lat="46.541310"/><trkpt lon="10.502010" lat="46.541370"/><trkpt lon="10.502050" lat="46.541410"/><trkpt lon="10.502580" lat="46.541300"/><trkpt lon="10.503100" lat="46.541270"/><trkpt lon="10.503210" lat="46.541220"/><trkpt lon="10.503250" lat="46.541110"/><trkpt lon="10.503200" lat="46.540970"/><trkpt lon="10.503040" lat="46.540780"/><trkpt lon="10.502880" lat="46.540360"/><trkpt lon="10.502910" lat="46.540290"/><trkpt lon="10.503000" lat="46.540300"/><trkpt lon="10.503140" lat="46.540630"/><trkpt lon="10.503450" lat="46.540900"/><trkpt lon="10.503510" lat="46.540980"/><trkpt lon="10.503540" lat="46.541170"/><trkpt lon="10.503520" lat="46.541300"/><trkpt lon="10.503390" lat="46.541550"/><trkpt lon="10.503230" lat="46.541650"/><trkpt lon="10.503090" lat="46.541760"/><trkpt lon="10.503030" lat="46.541990"/><trkpt lon="10.503070" lat="46.542350"/><trkpt lon="10.503540" lat="46.542580"/><trkpt lon="10.503650" lat="46.542680"/><trkpt lon="10.503790" lat="46.542890"/><trkpt lon="10.504090" lat="46.543250"/><trkpt lon="10.504410" lat="46.543750"/><trkpt lon="10.504450" lat="46.543830"/><trkpt lon="10.504500" lat="46.544080"/><trkpt lon="10.504570" lat="46.544170"/><trkpt lon="10.504810" lat="46.544350"/><trkpt lon="10.504900" lat="46.544500"/><trkpt lon="10.504870" lat="46.545090"/><trkpt lon="10.504920" lat="46.545130"/><trkpt lon="10.504990" lat="46.545090"/><trkpt lon="10.505130" lat="46.544540"/><trkpt lon="10.505140" lat="46.544410"/><trkpt lon="10.504990" lat="46.544130"/><trkpt lon="10.504940" lat="46.543940"/><trkpt lon="10.504940" lat="46.543690"/><trkpt lon="10.504770" lat="46.543170"/><trkpt lon="10.504840" lat="46.543150"/><trkpt lon="10.504960" lat="46.543280"/><trkpt lon="10.505210" lat="46.543740"/><trkpt lon="10.505640" lat="46.544580"/><trkpt lon="10.505840" lat="46.546310"/><trkpt lon="10.505760" lat="46.546610"/><trkpt lon="10.505500" lat="46.547400"/><trkpt lon="10.505500" lat="46.547970"/><trkpt lon="10.505880" lat="46.548440"/><trkpt lon="10.506190" lat="46.548890"/><trkpt lon="10.506310" lat="46.549250"/><trkpt lon="10.506650" lat="46.549620"/><trkpt lon="10.506990" lat="46.549920"/><trkpt lon="10.508190" lat="46.550370"/><trkpt lon="10.508800" lat="46.550720"/><trkpt lon="10.509100" lat="46.550990"/><trkpt lon="10.509330" lat="46.551280"/><trkpt lon="10.509500" lat="46.551610"/><trkpt lon="10.509530" lat="46.551880"/><trkpt lon="10.509600" lat="46.551920"/><trkpt lon="10.509690" lat="46.551900"/><trkpt lon="10.509650" lat="46.551650"/><trkpt lon="10.509650" lat="46.551410"/><trkpt lon="10.509780" lat="46.550880"/><trkpt lon="10.509850" lat="46.550620"/><trkpt lon="10.509940" lat="46.550580"/><trkpt lon="10.510040" lat="46.550590"/><trkpt lon="10.510150" lat="46.550660"/><trkpt lon="10.510280" lat="46.550900"/><trkpt lon="10.510620" lat="46.551380"/><trkpt lon="10.510780" lat="46.551950"/><trkpt lon="10.510900" lat="46.552180"/><trkpt lon="10.510970" lat="46.552650"/><trkpt lon="10.511030" lat="46.552810"/><trkpt lon="10.511450" lat="46.553320"/><trkpt lon="10.511660" lat="46.553840"/><trkpt lon="10.511890" lat="46.554120"/><trkpt lon="10.512160" lat="46.554360"/><trkpt lon="10.512550" lat="46.554640"/><trkpt lon="10.512660" lat="46.555060"/><trkpt lon="10.512940" lat="46.555590"/><trkpt lon="10.513380" lat="46.555970"/><trkpt lon="10.513800" lat="46.556400"/><trkpt lon="10.514270" lat="46.557060"/><trkpt lon="10.514700" lat="46.557690"/><trkpt lon="10.514910" lat="46.558190"/><trkpt lon="10.515220" lat="46.558760"/><trkpt lon="10.515340" lat="46.559460"/><trkpt lon="10.515330" lat="46.560120"/><trkpt lon="10.515370" lat="46.560500"/><trkpt lon="10.515620" lat="46.560960"/><trkpt lon="10.515960" lat="46.561210"/><trkpt lon="10.516750" lat="46.561560"/><trkpt lon="10.517620" lat="46.562000"/><trkpt lon="10.518270" lat="46.562260"/><trkpt lon="10.518460" lat="46.562750"/><trkpt lon="10.518680" lat="46.563060"/><trkpt lon="10.519050" lat="46.563290"/><trkpt lon="10.519230" lat="46.563520"/><trkpt lon="10.519330" lat="46.563830"/><trkpt lon="10.519620" lat="46.564140"/><trkpt lon="10.520020" lat="46.564790"/><trkpt lon="10.520160" lat="46.564980"/><trkpt lon="10.520960" lat="46.565580"/><trkpt lon="10.521070" lat="46.565710"/><trkpt lon="10.521140" lat="46.566050"/><trkpt lon="10.521380" lat="46.566210"/><trkpt lon="10.522310" lat="46.567190"/><trkpt lon="10.522610" lat="46.567510"/><trkpt lon="10.522690" lat="46.567510"/><trkpt lon="10.522720" lat="46.567440"/><trkpt lon="10.522420" lat="46.567070"/><trkpt lon="10.522270" lat="46.566920"/><trkpt lon="10.522290" lat="46.566870"/><trkpt lon="10.522360" lat="46.566860"/><trkpt lon="10.522680" lat="46.567260"/><trkpt lon="10.523500" lat="46.568230"/><trkpt lon="10.524210" lat="46.569140"/><trkpt lon="10.525010" lat="46.569500"/><trkpt lon="10.526730" lat="46.569730"/><trkpt lon="10.527150" lat="46.569860"/><trkpt lon="10.528450" lat="46.570530"/><trkpt lon="10.529770" lat="46.570910"/><trkpt lon="10.530770" lat="46.571330"/><trkpt lon="10.531980" lat="46.571960"/><trkpt lon="10.533500" lat="46.572780"/><trkpt lon="10.537100" lat="46.574230"/><trkpt lon="10.539210" lat="46.575060"/><trkpt lon="10.540390" lat="46.575820"/><trkpt lon="10.540870" lat="46.576380"/><trkpt lon="10.541230" lat="46.576840"/><trkpt lon="10.541890" lat="46.577470"/><trkpt lon="10.542290" lat="46.578280"/><trkpt lon="10.542460" lat="46.578960"/><trkpt lon="10.542820" lat="46.579580"/><trkpt lon="10.543140" lat="46.580340"/><trkpt lon="10.544280" lat="46.582080"/><trkpt lon="10.545290" lat="46.583260"/><trkpt lon="10.545940" lat="46.583740"/><trkpt lon="10.546910" lat="46.584540"/><trkpt lon="10.547030" lat="46.584710"/><trkpt lon="10.547550" lat="46.586020"/><trkpt lon="10.547760" lat="46.586640"/><trkpt lon="10.547780" lat="46.586840"/><trkpt lon="10.547580" lat="46.587310"/><trkpt lon="10.547580" lat="46.587860"/><trkpt lon="10.547660" lat="46.588140"/><trkpt lon="10.548000" lat="46.588450"/><trkpt lon="10.548260" lat="46.588790"/><trkpt lon="10.548780" lat="46.589770"/><trkpt lon="10.548970" lat="46.590870"/><trkpt lon="10.549120" lat="46.591510"/><trkpt lon="10.549610" lat="46.592180"/><trkpt lon="10.549760" lat="46.592290"/><trkpt lon="10.549970" lat="46.592350"/><trkpt lon="10.550570" lat="46.592460"/><trkpt lon="10.550750" lat="46.592580"/><trkpt lon="10.550870" lat="46.592760"/><trkpt lon="10.551280" lat="46.593690"/><trkpt lon="10.551390" lat="46.593850"/><trkpt lon="10.552780" lat="46.594920"/><trkpt lon="10.552920" lat="46.595080"/><trkpt lon="10.553170" lat="46.595650"/><trkpt lon="10.553330" lat="46.595840"/><trkpt lon="10.553430" lat="46.596030"/><trkpt lon="10.553410" lat="46.596210"/><trkpt lon="10.553300" lat="46.596530"/><trkpt lon="10.553370" lat="46.596820"/><trkpt lon="10.553500" lat="46.597110"/><trkpt lon="10.553620" lat="46.597180"/><trkpt lon="10.553800" lat="46.597240"/><trkpt lon="10.554260" lat="46.597250"/><trkpt lon="10.554590" lat="46.597300"/><trkpt lon="10.554850" lat="46.597450"/><trkpt lon="10.554960" lat="46.597600"/><trkpt lon="10.555490" lat="46.598740"/><trkpt lon="10.555830" lat="46.599820"/><trkpt lon="10.556120" lat="46.600350"/><trkpt lon="10.556770" lat="46.600970"/><trkpt lon="10.556960" lat="46.601200"/><trkpt lon="10.557080" lat="46.601800"/><trkpt lon="10.557520" lat="46.602340"/><trkpt lon="10.557710" lat="46.602480"/><trkpt lon="10.558260" lat="46.602760"/><trkpt lon="10.558450" lat="46.602920"/><trkpt lon="10.558580" lat="46.603160"/><trkpt lon="10.558730" lat="46.603450"/><trkpt lon="10.558910" lat="46.603540"/><trkpt lon="10.559650" lat="46.603630"/><trkpt lon="10.560130" lat="46.603800"/><trkpt lon="10.560520" lat="46.604070"/><trkpt lon="10.561040" lat="46.604640"/><trkpt lon="10.561230" lat="46.604790"/><trkpt lon="10.561870" lat="46.604960"/><trkpt lon="10.562320" lat="46.605120"/><trkpt lon="10.562700" lat="46.605320"/><trkpt lon="10.563460" lat="46.605700"/><trkpt lon="10.563940" lat="46.605850"/><trkpt lon="10.564280" lat="46.606010"/><trkpt lon="10.564450" lat="46.606060"/><trkpt lon="10.564980" lat="46.606120"/><trkpt lon="10.565450" lat="46.606250"/><trkpt lon="10.565880" lat="46.606290"/><trkpt lon="10.566490" lat="46.606310"/><trkpt lon="10.566800" lat="46.606390"/><trkpt lon="10.567960" lat="46.606930"/><trkpt lon="10.568690" lat="46.607410"/><trkpt lon="10.568870" lat="46.607490"/><trkpt lon="10.569440" lat="46.607640"/><trkpt lon="10.570030" lat="46.607960"/><trkpt lon="10.570910" lat="46.608320"/><trkpt lon="10.571490" lat="46.608600"/><trkpt lon="10.573360" lat="46.609730"/><trkpt lon="10.574490" lat="46.610180"/><trkpt lon="10.576960" lat="46.610780"/><trkpt lon="10.579360" lat="46.611190"/><trkpt lon="10.583180" lat="46.613580"/><trkpt lon="10.584240" lat="46.614030"/><trkpt lon="10.585000" lat="46.614240"/><trkpt lon="10.587010" lat="46.614650"/><trkpt lon="10.587370" lat="46.614800"/><trkpt lon="10.589180" lat="46.615960"/><trkpt lon="10.590030" lat="46.616520"/><trkpt lon="10.590910" lat="46.616840"/><trkpt lon="10.591140" lat="46.617110"/><trkpt lon="10.589840" lat="46.617280"/><trkpt lon="10.589280" lat="46.617340"/><trkpt lon="10.588480" lat="46.617540"/><trkpt lon="10.587950" lat="46.617770"/><trkpt lon="10.587460" lat="46.618170"/><trkpt lon="10.587310" lat="46.618310"/><trkpt lon="10.586660" lat="46.618730"/><trkpt lon="10.585400" lat="46.619430"/><trkpt lon="10.585050" lat="46.619750"/><trkpt lon="10.584460" lat="46.620900"/><trkpt lon="10.583420" lat="46.622960"/><trkpt lon="10.583490" lat="46.623000"/><trkpt lon="10.583500" lat="46.623060"/><trkpt lon="10.583450" lat="46.623110"/><trkpt lon="10.583370" lat="46.623120"/><trkpt lon="10.583210" lat="46.623280"/><trkpt lon="10.579110" lat="46.628770"/><trkpt lon="10.575080" lat="46.634050"/><trkpt lon="10.573400" lat="46.636300"/><trkpt lon="10.573500" lat="46.636370"/><trkpt lon="10.573510" lat="46.636470"/><trkpt lon="10.573440" lat="46.636550"/><trkpt lon="10.573320" lat="46.636590"/><trkpt lon="10.573190" lat="46.636570"/><trkpt lon="10.571950" lat="46.638210"/><trkpt lon="10.570870" lat="46.639730"/><trkpt lon="10.570370" lat="46.640680"/><trkpt lon="10.568810" lat="46.644700"/><trkpt lon="10.567370" lat="46.648600"/><trkpt lon="10.566970" lat="46.650430"/><trkpt lon="10.566150" lat="46.654050"/><trkpt lon="10.565860" lat="46.654880"/><trkpt lon="10.564530" lat="46.657540"/><trkpt lon="10.563930" lat="46.658380"/><trkpt lon="10.563200" lat="46.659080"/><trkpt lon="10.561480" lat="46.660250"/><trkpt lon="10.560530" lat="46.661010"/><trkpt lon="10.560100" lat="46.661470"/><trkpt lon="10.558340" lat="46.664020"/><trkpt lon="10.557450" lat="46.665200"/><trkpt lon="10.556960" lat="46.665650"/><trkpt lon="10.555170" lat="46.666820"/><trkpt lon="10.553580" lat="46.668020"/><trkpt lon="10.552440" lat="46.668800"/><trkpt lon="10.551640" lat="46.669300"/><trkpt lon="10.551380" lat="46.669520"/><trkpt lon="10.551340" lat="46.669830"/><trkpt lon="10.550960" lat="46.669800"/><trkpt lon="10.549600" lat="46.669920"/><trkpt lon="10.549200" lat="46.669940"/><trkpt lon="10.547530" lat="46.669780"/><trkpt lon="10.546470" lat="46.669530"/><trkpt lon="10.544930" lat="46.669370"/><trkpt lon="10.543810" lat="46.669360"/><trkpt lon="10.543400" lat="46.669290"/><trkpt lon="10.542120" lat="46.668920"/><trkpt lon="10.541180" lat="46.668850"/><trkpt lon="10.540810" lat="46.668790"/><trkpt lon="10.540470" lat="46.668650"/><trkpt lon="10.539190" lat="46.668020"/><trkpt lon="10.538940" lat="46.667940"/><trkpt lon="10.538750" lat="46.667940"/><trkpt lon="10.536940" lat="46.668420"/><trkpt lon="10.536240" lat="46.668500"/><trkpt lon="10.534530" lat="46.668800"/><trkpt lon="10.534040" lat="46.668850"/><trkpt lon="10.533180" lat="46.668710"/><trkpt lon="10.532160" lat="46.668520"/><trkpt lon="10.530580" lat="46.668450"/><trkpt lon="10.529630" lat="46.668300"/><trkpt lon="10.527760" lat="46.667790"/><trkpt lon="10.526960" lat="46.667640"/><trkpt lon="10.525730" lat="46.667510"/><trkpt lon="10.524720" lat="46.667720"/><trkpt lon="10.524160" lat="46.667730"/><trkpt lon="10.522640" lat="46.667610"/><trkpt lon="10.519840" lat="46.667830"/><trkpt lon="10.517750" lat="46.667990"/><trkpt lon="10.516680" lat="46.668030"/><trkpt lon="10.515710" lat="46.668160"/><trkpt lon="10.513390" lat="46.668060"/><trkpt lon="10.511700" lat="46.668190"/><trkpt lon="10.511030" lat="46.668200"/><trkpt lon="10.510580" lat="46.668150"/><trkpt lon="10.510200" lat="46.667960"/><trkpt lon="10.509830" lat="46.667740"/><trkpt lon="10.508260" lat="46.667000"/><trkpt lon="10.507650" lat="46.666780"/><trkpt lon="10.506760" lat="46.666510"/><trkpt lon="10.506400" lat="46.666350"/><trkpt lon="10.505940" lat="46.666030"/><trkpt lon="10.504700" lat="46.664850"/><trkpt lon="10.504450" lat="46.664730"/><trkpt lon="10.504160" lat="46.664710"/><trkpt lon="10.503850" lat="46.664800"/><trkpt lon="10.503650" lat="46.664930"/><trkpt lon="10.503550" lat="46.665100"/><trkpt lon="10.503550" lat="46.665270"/><trkpt lon="10.503600" lat="46.665470"/><trkpt lon="10.503580" lat="46.665670"/><trkpt lon="10.503500" lat="46.665810"/><trkpt lon="10.503350" lat="46.665910"/><trkpt lon="10.503190" lat="46.665910"/><trkpt lon="10.503060" lat="46.665840"/><trkpt lon="10.502950" lat="46.665520"/><trkpt lon="10.502850" lat="46.665320"/><trkpt lon="10.502650" lat="46.665100"/><trkpt lon="10.501870" lat="46.664520"/><trkpt lon="10.499710" lat="46.663410"/><trkpt lon="10.499110" lat="46.663240"/><trkpt lon="10.498900" lat="46.663100"/><trkpt lon="10.497290" lat="46.661200"/><trkpt lon="10.495830" lat="46.659580"/><trkpt lon="10.494640" lat="46.658220"/><trkpt lon="10.492140" lat="46.656460"/><trkpt lon="10.491670" lat="46.656060"/><trkpt lon="10.491260" lat="46.655780"/><trkpt lon="10.489470" lat="46.655050"/><trkpt lon="10.488800" lat="46.654910"/><trkpt lon="10.483720" lat="46.653750"/><trkpt lon="10.483070" lat="46.653790"/><trkpt lon="10.481740" lat="46.653860"/><trkpt lon="10.477040" lat="46.654440"/><trkpt lon="10.476070" lat="46.654540"/><trkpt lon="10.475660" lat="46.654430"/><trkpt lon="10.475410" lat="46.654190"/><trkpt lon="10.475180" lat="46.653770"/><trkpt lon="10.474860" lat="46.653490"/><trkpt lon="10.474420" lat="46.653290"/><trkpt lon="10.473850" lat="46.653120"/><trkpt lon="10.473610" lat="46.652990"/><trkpt lon="10.473440" lat="46.652800"/><trkpt lon="10.473240" lat="46.652240"/><trkpt lon="10.472760" lat="46.651220"/><trkpt lon="10.472290" lat="46.650550"/><trkpt lon="10.472030" lat="46.650270"/><trkpt lon="10.470970" lat="46.649660"/><trkpt lon="10.470240" lat="46.649380"/><trkpt lon="10.468120" lat="46.648760"/><trkpt lon="10.467460" lat="46.648730"/><trkpt lon="10.467140" lat="46.648690"/><trkpt lon="10.466460" lat="46.648370"/><trkpt lon="10.465760" lat="46.647820"/><trkpt lon="10.465290" lat="46.647440"/><trkpt lon="10.464860" lat="46.646760"/><trkpt lon="10.464690" lat="46.646440"/><trkpt lon="10.464280" lat="46.645860"/><trkpt lon="10.463780" lat="46.645270"/><trkpt lon="10.463580" lat="46.644610"/><trkpt lon="10.463390" lat="46.644030"/><trkpt lon="10.463220" lat="46.643730"/><trkpt lon="10.463080" lat="46.643200"/><trkpt lon="10.462880" lat="46.642930"/><trkpt lon="10.462680" lat="46.642470"/><trkpt lon="10.462770" lat="46.641650"/><trkpt lon="10.462520" lat="46.640520"/><trkpt lon="10.462280" lat="46.640010"/><trkpt lon="10.461190" lat="46.638400"/><trkpt lon="10.460960" lat="46.637770"/><trkpt lon="10.460770" lat="46.637430"/><trkpt lon="10.459130" lat="46.635850"/><trkpt lon="10.458440" lat="46.635170"/><trkpt lon="10.455100" lat="46.632080"/><trkpt lon="10.454580" lat="46.631710"/><trkpt lon="10.453210" lat="46.630920"/><trkpt lon="10.452280" lat="46.630380"/><trkpt lon="10.450980" lat="46.630030"/><trkpt lon="10.449720" lat="46.629580"/><trkpt lon="10.449520" lat="46.629440"/><trkpt lon="10.449490" lat="46.629250"/><trkpt lon="10.449400" lat="46.629020"/><trkpt lon="10.448920" lat="46.628550"/><trkpt lon="10.448040" lat="46.627780"/><trkpt lon="10.447820" lat="46.627510"/><trkpt lon="10.447640" lat="46.627120"/><trkpt lon="10.447270" lat="46.626470"/><trkpt lon="10.447210" lat="46.626220"/><trkpt lon="10.447080" lat="46.624520"/><trkpt lon="10.446980" lat="46.624270"/><trkpt lon="10.446440" lat="46.623560"/><trkpt lon="10.446280" lat="46.623420"/><trkpt lon="10.445770" lat="46.623250"/><trkpt lon="10.445670" lat="46.623160"/><trkpt lon="10.445820" lat="46.621650"/><trkpt lon="10.445810" lat="46.621160"/><trkpt lon="10.445630" lat="46.619800"/><trkpt lon="10.445550" lat="46.619490"/><trkpt lon="10.445270" lat="46.618890"/><trkpt lon="10.444230" lat="46.617510"/><trkpt lon="10.443510" lat="46.616790"/><trkpt lon="10.442600" lat="46.616010"/><trkpt lon="10.442170" lat="46.615690"/><trkpt lon="10.441190" lat="46.615230"/><trkpt lon="10.440990" lat="46.615070"/><trkpt lon="10.440940" lat="46.614890"/><trkpt lon="10.441070" lat="46.614050"/><trkpt lon="10.441090" lat="46.613670"/><trkpt lon="10.441020" lat="46.613490"/><trkpt lon="10.440680" lat="46.613200"/><trkpt lon="10.439710" lat="46.612680"/><trkpt lon="10.437830" lat="46.611520"/><trkpt lon="10.436680" lat="46.610910"/><trkpt lon="10.436000" lat="46.610310"/><trkpt lon="10.435590" lat="46.610010"/><trkpt lon="10.434100" lat="46.609040"/><trkpt lon="10.433590" lat="46.608610"/><trkpt lon="10.433230" lat="46.608180"/><trkpt lon="10.432170" lat="46.606670"/><trkpt lon="10.431710" lat="46.606200"/><trkpt lon="10.431080" lat="46.605870"/><trkpt lon="10.427720" lat="46.604230"/><trkpt lon="10.426270" lat="46.603280"/><trkpt lon="10.425720" lat="46.602940"/><trkpt lon="10.425230" lat="46.602440"/><trkpt lon="10.424930" lat="46.601990"/><trkpt lon="10.425140" lat="46.601830"/><trkpt lon="10.425390" lat="46.601470"/><trkpt lon="10.425420" lat="46.601080"/><trkpt lon="10.425770" lat="46.599520"/><trkpt lon="10.426060" lat="46.598120"/><trkpt lon="10.426130" lat="46.598020"/><trkpt lon="10.426330" lat="46.597980"/><trkpt lon="10.427360" lat="46.598480"/><trkpt lon="10.429020" lat="46.599260"/><trkpt lon="10.430080" lat="46.599580"/><trkpt lon="10.430520" lat="46.599830"/><trkpt lon="10.430620" lat="46.599860"/><trkpt lon="10.430710" lat="46.599830"/><trkpt lon="10.430730" lat="46.599750"/><trkpt lon="10.430460" lat="46.598550"/><trkpt lon="10.430370" lat="46.598180"/><trkpt lon="10.430440" lat="46.598130"/><trkpt lon="10.430520" lat="46.598140"/><trkpt lon="10.430760" lat="46.598320"/><trkpt lon="10.431300" lat="46.598530"/><trkpt lon="10.432320" lat="46.598860"/><trkpt lon="10.432610" lat="46.598890"/><trkpt lon="10.433240" lat="46.598880"/><trkpt lon="10.433290" lat="46.598830"/><trkpt lon="10.433250" lat="46.598760"/><trkpt lon="10.432740" lat="46.598500"/><trkpt lon="10.432630" lat="46.598370"/><trkpt lon="10.432620" lat="46.597720"/><trkpt lon="10.432600" lat="46.597430"/><trkpt lon="10.432440" lat="46.597300"/><trkpt lon="10.431760" lat="46.597070"/><trkpt lon="10.431290" lat="46.597020"/><trkpt lon="10.431180" lat="46.596930"/><trkpt lon="10.430640" lat="46.596320"/><trkpt lon="10.430660" lat="46.596250"/><trkpt lon="10.430760" lat="46.596250"/><trkpt lon="10.431250" lat="46.596650"/><trkpt lon="10.431480" lat="46.596790"/><trkpt lon="10.432260" lat="46.596850"/><trkpt lon="10.432340" lat="46.596830"/><trkpt lon="10.432310" lat="46.596760"/><trkpt lon="10.432110" lat="46.596740"/><trkpt lon="10.431680" lat="46.596680"/><trkpt lon="10.431480" lat="46.596520"/><trkpt lon="10.431130" lat="46.596080"/><trkpt lon="10.430960" lat="46.595990"/><trkpt lon="10.430530" lat="46.595870"/><trkpt lon="10.430260" lat="46.595770"/><trkpt lon="10.430200" lat="46.595700"/><trkpt lon="10.430230" lat="46.595630"/><trkpt lon="10.430330" lat="46.595610"/><trkpt lon="10.430450" lat="46.595660"/><trkpt lon="10.430620" lat="46.595790"/><trkpt lon="10.431180" lat="46.595880"/><trkpt lon="10.431410" lat="46.595970"/><trkpt lon="10.431790" lat="46.596330"/><trkpt lon="10.431890" lat="46.596350"/><trkpt lon="10.431960" lat="46.596310"/><trkpt lon="10.431940" lat="46.596230"/><trkpt lon="10.431750" lat="46.596080"/><trkpt lon="10.431470" lat="46.595730"/><trkpt lon="10.431210" lat="46.595600"/><trkpt lon="10.430820" lat="46.595450"/><trkpt lon="10.430640" lat="46.595230"/><trkpt lon="10.430570" lat="46.595190"/><trkpt lon="10.430310" lat="46.595160"/><trkpt lon="10.430010" lat="46.595040"/><trkpt lon="10.429830" lat="46.594960"/><trkpt lon="10.429260" lat="46.594800"/><trkpt lon="10.428870" lat="46.594700"/><trkpt lon="10.428230" lat="46.594290"/><trkpt lon="10.428220" lat="46.594190"/><trkpt lon="10.428330" lat="46.594080"/><trkpt lon="10.428820" lat="46.593940"/><trkpt lon="10.429040" lat="46.593650"/><trkpt lon="10.429160" lat="46.593610"/><trkpt lon="10.429270" lat="46.593640"/><trkpt lon="10.429300" lat="46.593720"/><trkpt lon="10.429110" lat="46.593960"/><trkpt lon="10.429080" lat="46.594090"/><trkpt lon="10.429280" lat="46.594400"/><trkpt lon="10.429340" lat="46.594420"/><trkpt lon="10.429400" lat="46.594380"/><trkpt lon="10.429370" lat="46.594210"/><trkpt lon="10.429440" lat="46.594020"/><trkpt lon="10.429910" lat="46.593530"/><trkpt lon="10.429940" lat="46.593380"/><trkpt lon="10.429810" lat="46.593040"/><trkpt lon="10.429690" lat="46.592870"/><trkpt lon="10.429780" lat="46.592810"/><trkpt lon="10.429860" lat="46.592820"/><trkpt lon="10.429930" lat="46.592990"/><trkpt lon="10.430190" lat="46.593410"/><trkpt lon="10.430230" lat="46.593570"/><trkpt lon="10.430160" lat="46.593850"/><trkpt lon="10.430290" lat="46.594090"/><trkpt lon="10.430360" lat="46.594130"/><trkpt lon="10.430430" lat="46.594110"/><trkpt lon="10.430440" lat="46.594030"/><trkpt lon="10.430340" lat="46.593840"/><trkpt lon="10.430480" lat="46.593640"/><trkpt lon="10.430500" lat="46.593450"/><trkpt lon="10.430460" lat="46.593030"/><trkpt lon="10.430410" lat="46.592870"/><trkpt lon="10.430470" lat="46.592830"/><trkpt lon="10.430570" lat="46.592860"/><trkpt lon="10.430580" lat="46.593050"/><trkpt lon="10.430730" lat="46.593500"/><trkpt lon="10.430780" lat="46.593760"/><trkpt lon="10.430890" lat="46.593780"/><trkpt lon="10.430920" lat="46.593720"/><trkpt lon="10.430810" lat="46.593410"/><trkpt lon="10.430800" lat="46.593020"/><trkpt lon="10.430800" lat="46.592810"/><trkpt lon="10.430960" lat="46.592590"/><trkpt lon="10.430960" lat="46.592500"/><trkpt lon="10.430740" lat="46.592270"/><trkpt lon="10.430550" lat="46.591900"/><trkpt lon="10.430530" lat="46.591710"/><trkpt lon="10.430670" lat="46.590830"/><trkpt lon="10.430790" lat="46.590510"/><trkpt lon="10.430940" lat="46.590290"/><trkpt lon="10.431010" lat="46.590120"/><trkpt lon="10.430900" lat="46.589810"/><trkpt lon="10.430930" lat="46.589760"/><trkpt lon="10.431000" lat="46.589740"/><trkpt lon="10.431050" lat="46.589760"/><trkpt lon="10.431080" lat="46.589820"/><trkpt lon="10.431140" lat="46.590260"/><trkpt lon="10.431090" lat="46.590500"/><trkpt lon="10.431070" lat="46.590760"/><trkpt lon="10.430960" lat="46.590920"/><trkpt lon="10.431030" lat="46.590970"/><trkpt lon="10.431100" lat="46.590950"/><trkpt lon="10.431230" lat="46.590760"/><trkpt lon="10.431370" lat="46.590220"/><trkpt lon="10.431260" lat="46.589500"/><trkpt lon="10.431260" lat="46.589260"/><trkpt lon="10.431300" lat="46.589200"/><trkpt lon="10.431440" lat="46.589110"/><trkpt lon="10.431790" lat="46.588910"/><trkpt lon="10.431830" lat="46.588790"/><trkpt lon="10.431820" lat="46.588520"/><trkpt lon="10.431920" lat="46.588490"/><trkpt lon="10.431980" lat="46.588560"/><trkpt lon="10.431950" lat="46.589010"/><trkpt lon="10.431620" lat="46.589340"/><trkpt lon="10.431600" lat="46.589410"/><trkpt lon="10.431690" lat="46.589450"/><trkpt lon="10.431790" lat="46.589420"/><trkpt lon="10.432110" lat="46.589170"/><trkpt lon="10.432480" lat="46.588460"/><trkpt lon="10.432620" lat="46.588260"/><trkpt lon="10.433040" lat="46.588010"/><trkpt lon="10.433160" lat="46.587870"/><trkpt lon="10.433190" lat="46.587730"/><trkpt lon="10.433040" lat="46.587340"/><trkpt lon="10.433050" lat="46.587160"/><trkpt lon="10.433280" lat="46.586890"/><trkpt lon="10.433650" lat="46.586160"/><trkpt lon="10.433870" lat="46.585920"/><trkpt lon="10.434540" lat="46.585360"/><trkpt lon="10.434690" lat="46.585190"/><trkpt lon="10.434790" lat="46.584980"/><trkpt lon="10.434850" lat="46.584730"/><trkpt lon="10.435140" lat="46.584400"/><trkpt lon="10.435460" lat="46.584200"/><trkpt lon="10.436600" lat="46.583700"/><trkpt lon="10.436760" lat="46.583600"/><trkpt lon="10.436860" lat="46.583460"/><trkpt lon="10.436910" lat="46.583060"/><trkpt lon="10.437040" lat="46.582850"/><trkpt lon="10.437250" lat="46.582640"/><trkpt lon="10.437610" lat="46.582380"/><trkpt lon="10.438300" lat="46.581640"/><trkpt lon="10.438510" lat="46.581360"/><trkpt lon="10.438680" lat="46.580960"/><trkpt lon="10.438910" lat="46.580320"/><trkpt lon="10.439030" lat="46.580140"/><trkpt lon="10.439190" lat="46.579990"/><trkpt lon="10.440050" lat="46.579690"/><trkpt lon="10.440260" lat="46.579570"/><trkpt lon="10.440280" lat="46.579350"/><trkpt lon="10.440520" lat="46.579010"/><trkpt lon="10.440650" lat="46.578780"/><trkpt lon="10.440680" lat="46.578550"/><trkpt lon="10.440580" lat="46.578200"/><trkpt lon="10.440210" lat="46.577360"/><trkpt lon="10.440040" lat="46.577170"/><trkpt lon="10.439890" lat="46.577110"/><trkpt lon="10.439480" lat="46.577070"/><trkpt lon="10.439370" lat="46.577030"/><trkpt lon="10.439250" lat="46.576940"/><trkpt lon="10.439180" lat="46.576750"/><trkpt lon="10.439050" lat="46.576120"/><trkpt lon="10.438950" lat="46.576110"/><trkpt lon="10.438900" lat="46.576150"/><trkpt lon="10.438920" lat="46.576370"/><trkpt lon="10.438760" lat="46.576850"/><trkpt lon="10.438820" lat="46.577140"/><trkpt lon="10.438810" lat="46.577340"/><trkpt lon="10.438730" lat="46.577630"/><trkpt lon="10.438480" lat="46.578040"/><trkpt lon="10.438400" lat="46.578090"/><trkpt lon="10.438330" lat="46.578070"/><trkpt lon="10.438310" lat="46.578020"/><trkpt lon="10.438450" lat="46.577760"/><trkpt lon="10.438490" lat="46.577610"/><trkpt lon="10.438420" lat="46.577310"/><trkpt lon="10.438180" lat="46.576750"/><trkpt lon="10.438070" lat="46.576170"/><trkpt lon="10.437820" lat="46.575860"/><trkpt lon="10.437850" lat="46.575490"/><trkpt lon="10.437870" lat="46.574640"/><trkpt lon="10.437780" lat="46.574200"/><trkpt lon="10.437610" lat="46.573840"/><trkpt lon="10.437330" lat="46.573480"/><trkpt lon="10.437230" lat="46.572860"/><trkpt lon="10.437230" lat="46.572430"/><trkpt lon="10.437070" lat="46.571960"/><trkpt lon="10.437000" lat="46.571660"/><trkpt lon="10.437100" lat="46.571300"/><trkpt lon="10.437090" lat="46.571090"/><trkpt lon="10.436970" lat="46.570600"/><trkpt lon="10.437010" lat="46.570500"/><trkpt lon="10.437170" lat="46.570420"/><trkpt lon="10.437700" lat="46.570330"/><trkpt lon="10.437830" lat="46.570220"/><trkpt lon="10.438330" lat="46.569490"/><trkpt lon="10.438360" lat="46.569360"/><trkpt lon="10.438330" lat="46.569180"/><trkpt lon="10.438140" lat="46.568940"/><trkpt lon="10.436920" lat="46.567940"/><trkpt lon="10.436960" lat="46.567880"/><trkpt lon="10.437280" lat="46.567940"/><trkpt lon="10.437560" lat="46.567960"/><trkpt lon="10.438200" lat="46.567940"/><trkpt lon="10.438250" lat="46.567870"/><trkpt lon="10.438190" lat="46.567820"/><trkpt lon="10.437740" lat="46.567640"/><trkpt lon="10.436980" lat="46.566800"/><trkpt lon="10.436800" lat="46.566660"/><trkpt lon="10.436860" lat="46.566580"/><trkpt lon="10.437030" lat="46.566590"/><trkpt lon="10.437660" lat="46.566890"/><trkpt lon="10.437750" lat="46.566880"/><trkpt lon="10.437780" lat="46.566830"/><trkpt lon="10.437720" lat="46.566720"/><trkpt lon="10.437380" lat="46.566350"/><trkpt lon="10.436960" lat="46.565950"/><trkpt lon="10.436970" lat="46.565870"/><trkpt lon="10.437090" lat="46.565870"/><trkpt lon="10.438000" lat="46.566360"/><trkpt lon="10.438130" lat="46.566340"/><trkpt lon="10.438160" lat="46.566280"/><trkpt lon="10.438090" lat="46.566190"/><trkpt lon="10.437870" lat="46.565990"/><trkpt lon="10.437470" lat="46.565200"/><trkpt lon="10.437130" lat="46.564620"/><trkpt lon="10.436470" lat="46.563990"/><trkpt lon="10.436160" lat="46.563480"/><trkpt lon="10.435910" lat="46.562930"/><trkpt lon="10.435340" lat="46.562090"/><trkpt lon="10.435050" lat="46.561370"/><trkpt lon="10.434750" lat="46.560540"/><trkpt lon="10.434830" lat="46.559830"/><trkpt lon="10.434950" lat="46.559330"/><trkpt lon="10.434740" lat="46.558640"/><trkpt lon="10.434690" lat="46.558440"/><trkpt lon="10.434710" lat="46.558310"/><trkpt lon="10.434880" lat="46.558090"/><trkpt lon="10.435350" lat="46.557730"/><trkpt lon="10.435580" lat="46.557370"/><trkpt lon="10.435950" lat="46.557020"/><trkpt lon="10.436310" lat="46.556700"/><trkpt lon="10.436280" lat="46.556610"/><trkpt lon="10.436220" lat="46.556580"/><trkpt lon="10.436090" lat="46.556590"/><trkpt lon="10.435970" lat="46.556740"/><trkpt lon="10.435770" lat="46.556900"/><trkpt lon="10.435020" lat="46.557080"/><trkpt lon="10.434160" lat="46.557670"/><trkpt lon="10.433420" lat="46.558250"/><trkpt lon="10.433350" lat="46.558260"/><trkpt lon="10.433300" lat="46.558220"/><trkpt lon="10.433560" lat="46.557950"/><trkpt lon="10.433990" lat="46.557330"/><trkpt lon="10.434090" lat="46.556790"/><trkpt lon="10.434110" lat="46.556450"/><trkpt lon="10.434180" lat="46.556220"/><trkpt lon="10.434400" lat="46.556000"/><trkpt lon="10.434460" lat="46.555850"/><trkpt lon="10.434420" lat="46.555500"/><trkpt lon="10.434440" lat="46.555330"/><trkpt lon="10.434560" lat="46.555080"/><trkpt lon="10.434660" lat="46.554970"/><trkpt lon="10.435540" lat="46.554210"/><trkpt lon="10.435730" lat="46.553950"/><trkpt lon="10.435860" lat="46.553610"/><trkpt lon="10.436200" lat="46.553370"/><trkpt lon="10.436640" lat="46.552970"/><trkpt lon="10.437040" lat="46.552730"/><trkpt lon="10.437410" lat="46.552400"/><trkpt lon="10.437420" lat="46.552350"/><trkpt lon="10.437350" lat="46.552300"/><trkpt lon="10.437210" lat="46.552300"/><trkpt lon="10.436740" lat="46.552430"/><trkpt lon="10.436370" lat="46.552640"/><trkpt lon="10.435970" lat="46.552920"/><trkpt lon="10.435880" lat="46.552880"/><trkpt lon="10.435900" lat="46.552770"/><trkpt lon="10.436260" lat="46.552310"/><trkpt lon="10.436430" lat="46.552020"/><trkpt lon="10.436860" lat="46.551760"/><trkpt lon="10.436990" lat="46.551580"/><trkpt lon="10.437120" lat="46.551270"/><trkpt lon="10.437310" lat="46.551040"/><trkpt lon="10.437520" lat="46.550810"/><trkpt lon="10.437690" lat="46.550430"/><trkpt lon="10.437890" lat="46.549990"/><trkpt lon="10.437860" lat="46.549900"/><trkpt lon="10.437790" lat="46.549890"/><trkpt lon="10.437690" lat="46.549940"/><trkpt lon="10.437420" lat="46.550260"/><trkpt lon="10.437100" lat="46.550540"/><trkpt lon="10.436890" lat="46.550660"/><trkpt lon="10.436140" lat="46.551020"/><trkpt lon="10.436060" lat="46.551130"/><trkpt lon="10.435980" lat="46.551320"/><trkpt lon="10.435920" lat="46.551340"/><trkpt lon="10.435850" lat="46.551300"/><trkpt lon="10.435870" lat="46.551080"/><trkpt lon="10.435980" lat="46.550920"/><trkpt lon="10.436510" lat="46.550480"/><trkpt lon="10.436810" lat="46.549880"/><trkpt lon="10.436990" lat="46.549150"/><trkpt lon="10.436870" lat="46.548500"/><trkpt lon="10.436850" lat="46.547710"/><trkpt lon="10.436940" lat="46.547360"/><trkpt lon="10.436740" lat="46.546660"/><trkpt lon="10.436770" lat="46.546190"/><trkpt lon="10.436820" lat="46.545910"/><trkpt lon="10.436930" lat="46.545620"/><trkpt lon="10.436830" lat="46.545570"/><trkpt lon="10.436760" lat="46.545590"/><trkpt lon="10.436310" lat="46.546130"/><trkpt lon="10.436230" lat="46.546250"/><trkpt lon="10.436020" lat="46.547130"/><trkpt lon="10.435770" lat="46.547540"/><trkpt lon="10.435280" lat="46.547990"/><trkpt lon="10.435210" lat="46.548190"/><trkpt lon="10.435120" lat="46.548290"/><trkpt lon="10.435030" lat="46.548270"/><trkpt lon="10.435120" lat="46.547860"/><trkpt lon="10.435230" lat="46.547330"/><trkpt lon="10.435260" lat="46.546990"/><trkpt lon="10.434990" lat="46.546150"/><trkpt lon="10.435010" lat="46.545760"/><trkpt lon="10.434980" lat="46.545460"/><trkpt lon="10.434830" lat="46.545080"/><trkpt lon="10.434780" lat="46.544650"/><trkpt lon="10.434650" lat="46.544500"/><trkpt lon="10.434290" lat="46.544150"/><trkpt lon="10.434220" lat="46.543930"/><trkpt lon="10.434360" lat="46.543550"/><trkpt lon="10.434310" lat="46.543390"/><trkpt lon="10.434220" lat="46.543270"/><trkpt lon="10.433910" lat="46.543090"/><trkpt lon="10.433290" lat="46.542730"/><trkpt lon="10.433210" lat="46.542580"/><trkpt lon="10.433200" lat="46.541940"/><trkpt lon="10.433140" lat="46.541520"/><trkpt lon="10.432830" lat="46.541080"/><trkpt lon="10.432740" lat="46.540890"/><trkpt lon="10.433040" lat="46.539900"/><trkpt lon="10.433230" lat="46.539720"/><trkpt lon="10.433210" lat="46.539670"/><trkpt lon="10.433330" lat="46.539580"/><trkpt lon="10.433650" lat="46.539150"/><trkpt lon="10.433780" lat="46.538820"/><trkpt lon="10.433890" lat="46.538260"/><trkpt lon="10.433960" lat="46.538030"/><trkpt lon="10.433890" lat="46.537990"/><trkpt lon="10.433800" lat="46.538010"/><trkpt lon="10.433390" lat="46.538430"/><trkpt lon="10.432070" lat="46.539610"/><trkpt lon="10.431930" lat="46.539800"/><trkpt lon="10.431870" lat="46.539820"/><trkpt lon="10.431790" lat="46.539770"/><trkpt lon="10.431850" lat="46.539610"/><trkpt lon="10.432270" lat="46.538640"/><trkpt lon="10.432400" lat="46.538410"/><trkpt lon="10.432330" lat="46.538340"/><trkpt lon="10.432220" lat="46.538380"/><trkpt lon="10.432010" lat="46.538720"/><trkpt lon="10.430820" lat="46.539830"/><trkpt lon="10.430100" lat="46.540230"/><trkpt lon="10.428590" lat="46.540770"/><trkpt lon="10.428190" lat="46.540850"/><trkpt lon="10.426120" lat="46.541050"/><trkpt lon="10.417940" lat="46.540350"/><trkpt lon="10.416910" lat="46.540220"/><trkpt lon="10.416350" lat="46.540000"/><trkpt lon="10.413470" lat="46.538150"/><trkpt lon="10.413060" lat="46.537830"/><trkpt lon="10.413000" lat="46.537670"/><trkpt lon="10.412920" lat="46.536950"/><trkpt lon="10.412690" lat="46.536640"/><trkpt lon="10.411940" lat="46.536050"/><trkpt lon="10.411880" lat="46.535900"/><trkpt lon="10.411920" lat="46.535100"/><trkpt lon="10.411780" lat="46.534690"/><trkpt lon="10.410720" lat="46.534040"/><trkpt lon="10.410560" lat="46.533900"/><trkpt lon="10.409450" lat="46.531970"/><trkpt lon="10.409200" lat="46.529960"/><trkpt lon="10.409550" lat="46.529010"/><trkpt lon="10.409600" lat="46.528740"/><trkpt lon="10.409430" lat="46.527830"/><trkpt lon="10.408710" lat="46.527110"/><trkpt lon="10.408530" lat="46.526890"/><trkpt lon="10.408480" lat="46.526700"/><trkpt lon="10.408610" lat="46.526090"/><trkpt lon="10.409100" lat="46.524260"/><trkpt lon="10.408830" lat="46.523880"/><trkpt lon="10.408790" lat="46.523690"/><trkpt lon="10.408920" lat="46.523390"/><trkpt lon="10.409250" lat="46.523130"/><trkpt lon="10.409590" lat="46.522780"/><trkpt lon="10.409630" lat="46.522640"/><trkpt lon="10.409510" lat="46.522510"/><trkpt lon="10.409270" lat="46.522310"/><trkpt lon="10.408960" lat="46.520730"/><trkpt lon="10.408700" lat="46.520080"/><trkpt lon="10.408640" lat="46.519800"/><trkpt lon="10.408890" lat="46.519270"/><trkpt lon="10.409310" lat="46.517850"/><trkpt lon="10.409260" lat="46.517770"/><trkpt lon="10.409150" lat="46.517780"/><trkpt lon="10.409090" lat="46.517860"/><trkpt lon="10.408810" lat="46.518480"/><trkpt lon="10.408540" lat="46.518710"/><trkpt lon="10.408130" lat="46.518820"/><trkpt lon="10.407570" lat="46.518890"/><trkpt lon="10.407440" lat="46.518950"/><trkpt lon="10.407220" lat="46.519080"/><trkpt lon="10.407090" lat="46.519070"/><trkpt lon="10.407030" lat="46.518990"/><trkpt lon="10.407180" lat="46.518800"/><trkpt lon="10.407610" lat="46.518340"/><trkpt lon="10.407880" lat="46.517870"/><trkpt lon="10.408170" lat="46.517640"/><trkpt lon="10.408570" lat="46.517450"/><trkpt lon="10.408730" lat="46.517320"/><trkpt lon="10.408900" lat="46.517000"/><trkpt lon="10.409120" lat="46.516050"/><trkpt lon="10.409260" lat="46.515920"/><trkpt lon="10.409270" lat="46.515850"/><trkpt lon="10.409200" lat="46.515810"/><trkpt lon="10.409110" lat="46.515850"/><trkpt lon="10.408240" lat="46.517070"/><trkpt lon="10.408110" lat="46.517130"/><trkpt lon="10.407440" lat="46.517300"/><trkpt lon="10.406540" lat="46.517640"/><trkpt lon="10.406470" lat="46.517640"/><trkpt lon="10.406420" lat="46.517600"/><trkpt lon="10.406490" lat="46.517530"/><trkpt lon="10.406830" lat="46.517410"/><trkpt lon="10.407740" lat="46.516800"/><trkpt lon="10.407920" lat="46.515890"/><trkpt lon="10.408130" lat="46.515520"/><trkpt lon="10.408120" lat="46.515470"/><trkpt lon="10.408020" lat="46.515450"/><trkpt lon="10.407960" lat="46.515500"/><trkpt lon="10.407390" lat="46.516330"/><trkpt lon="10.407090" lat="46.516580"/><trkpt lon="10.406500" lat="46.516960"/><trkpt lon="10.406410" lat="46.516960"/><trkpt lon="10.406390" lat="46.516870"/><trkpt lon="10.406700" lat="46.516620"/><trkpt lon="10.406930" lat="46.516300"/><trkpt lon="10.407090" lat="46.515610"/><trkpt lon="10.407270" lat="46.515040"/><trkpt lon="10.407220" lat="46.514990"/><trkpt lon="10.407130" lat="46.514990"/><trkpt lon="10.407040" lat="46.515150"/><trkpt lon="10.406370" lat="46.515970"/><trkpt lon="10.406140" lat="46.516290"/><trkpt lon="10.406030" lat="46.516320"/><trkpt lon="10.405980" lat="46.516250"/><trkpt lon="10.406170" lat="46.515830"/><trkpt lon="10.406290" lat="46.515250"/><trkpt lon="10.406250" lat="46.515180"/><trkpt lon="10.406190" lat="46.515170"/><trkpt lon="10.406110" lat="46.515210"/><trkpt lon="10.405790" lat="46.515800"/><trkpt lon="10.405730" lat="46.515840"/><trkpt lon="10.405660" lat="46.515830"/><trkpt lon="10.405630" lat="46.515790"/><trkpt lon="10.405710" lat="46.515270"/><trkpt lon="10.405680" lat="46.515040"/><trkpt lon="10.405350" lat="46.514760"/><trkpt lon="10.403840" lat="46.513900"/><trkpt lon="10.403420" lat="46.513550"/><trkpt lon="10.403290" lat="46.513540"/><trkpt lon="10.403230" lat="46.513580"/><trkpt lon="10.403270" lat="46.513660"/><trkpt lon="10.403760" lat="46.513940"/><trkpt lon="10.403940" lat="46.514200"/><trkpt lon="10.404130" lat="46.514640"/><trkpt lon="10.404010" lat="46.514690"/><trkpt lon="10.403930" lat="46.514630"/><trkpt lon="10.403710" lat="46.514230"/><trkpt lon="10.403450" lat="46.514040"/><trkpt lon="10.402810" lat="46.513780"/><trkpt lon="10.402190" lat="46.513230"/><trkpt lon="10.402120" lat="46.513210"/><trkpt lon="10.402010" lat="46.513230"/><trkpt lon="10.401980" lat="46.513290"/><trkpt lon="10.402260" lat="46.513520"/><trkpt lon="10.402770" lat="46.514140"/><trkpt lon="10.402840" lat="46.514360"/><trkpt lon="10.402770" lat="46.514460"/><trkpt lon="10.402670" lat="46.514460"/><trkpt lon="10.401910" lat="46.513900"/><trkpt lon="10.401180" lat="46.513310"/><trkpt lon="10.400410" lat="46.513100"/><trkpt lon="10.399680" lat="46.512820"/><trkpt lon="10.398710" lat="46.512370"/><trkpt lon="10.398270" lat="46.511960"/><trkpt lon="10.397520" lat="46.511570"/><trkpt lon="10.396790" lat="46.511260"/><trkpt lon="10.396410" lat="46.510870"/><trkpt lon="10.396130" lat="46.510700"/><trkpt lon="10.395880" lat="46.510620"/><trkpt lon="10.395370" lat="46.510590"/><trkpt lon="10.394540" lat="46.510500"/><trkpt lon="10.393910" lat="46.510270"/><trkpt lon="10.392960" lat="46.509990"/><trkpt lon="10.392430" lat="46.509820"/><trkpt lon="10.392010" lat="46.509780"/><trkpt lon="10.391710" lat="46.509670"/><trkpt lon="10.390910" lat="46.509320"/><trkpt lon="10.389930" lat="46.509600"/><trkpt lon="10.389200" lat="46.509600"/><trkpt lon="10.388330" lat="46.509480"/><trkpt lon="10.387190" lat="46.509240"/><trkpt lon="10.386630" lat="46.509190"/><trkpt lon="10.385890" lat="46.509190"/><trkpt lon="10.385350" lat="46.509260"/><trkpt lon="10.384810" lat="46.509220"/><trkpt lon="10.384280" lat="46.509140"/><trkpt lon="10.383840" lat="46.509170"/><trkpt lon="10.382910" lat="46.509230"/><trkpt lon="10.382050" lat="46.509460"/><trkpt lon="10.380260" lat="46.509580"/><trkpt lon="10.379520" lat="46.509630"/><trkpt lon="10.379100" lat="46.509760"/><trkpt lon="10.378820" lat="46.509970"/><trkpt lon="10.378370" lat="46.510080"/><trkpt lon="10.377560" lat="46.510030"/><trkpt lon="10.377270" lat="46.509990"/><trkpt lon="10.376820" lat="46.510020"/><trkpt lon="10.376410" lat="46.509940"/><trkpt lon="10.375780" lat="46.509700"/><trkpt lon="10.375600" lat="46.509580"/><trkpt lon="10.375470" lat="46.509600"/><trkpt lon="10.375480" lat="46.509690"/><trkpt lon="10.375760" lat="46.509820"/><trkpt lon="10.376350" lat="46.510130"/><trkpt lon="10.376650" lat="46.510210"/><trkpt lon="10.376660" lat="46.510270"/><trkpt lon="10.376570" lat="46.510280"/><trkpt lon="10.375970" lat="46.510160"/><trkpt lon="10.375640" lat="46.510010"/><trkpt lon="10.375540" lat="46.509960"/><trkpt lon="10.375460" lat="46.509980"/><trkpt lon="10.375430" lat="46.510020"/><trkpt lon="10.375910" lat="46.510260"/><trkpt lon="10.376540" lat="46.510430"/><trkpt lon="10.376590" lat="46.510480"/><trkpt lon="10.376570" lat="46.510520"/><trkpt lon="10.376470" lat="46.510540"/><trkpt lon="10.376160" lat="46.510460"/><trkpt lon="10.375490" lat="46.510370"/><trkpt lon="10.374470" lat="46.509890"/><trkpt lon="10.374130" lat="46.509770"/><trkpt lon="10.373400" lat="46.509650"/><trkpt lon="10.372780" lat="46.509650"/><trkpt lon="10.372400" lat="46.509590"/><trkpt lon="10.371490" lat="46.508980"/><trkpt lon="10.371310" lat="46.508800"/><trkpt lon="10.370980" lat="46.507980"/><trkpt lon="10.370770" lat="46.507840"/><trkpt lon="10.370470" lat="46.507770"/><trkpt lon="10.369910" lat="46.507960"/><trkpt lon="10.369780" lat="46.507970"/><trkpt lon="10.369080" lat="46.507760"/><trkpt lon="10.368740" lat="46.507610"/><trkpt lon="10.368600" lat="46.507590"/><trkpt lon="10.367590" lat="46.507590"/><trkpt lon="10.365830" lat="46.506700"/><trkpt lon="10.365720" lat="46.506690"/><trkpt lon="10.365680" lat="46.506740"/><trkpt lon="10.366270" lat="46.507120"/><trkpt lon="10.366920" lat="46.507620"/><trkpt lon="10.366940" lat="46.507700"/><trkpt lon="10.366880" lat="46.507730"/><trkpt lon="10.366770" lat="46.507690"/><trkpt lon="10.366550" lat="46.507510"/><trkpt lon="10.365470" lat="46.506940"/><trkpt lon="10.364940" lat="46.506680"/><trkpt lon="10.364660" lat="46.506480"/><trkpt lon="10.364230" lat="46.506270"/><trkpt lon="10.362780" lat="46.505770"/><trkpt lon="10.362120" lat="46.505550"/><trkpt lon="10.361250" lat="46.505090"/><trkpt lon="10.360290" lat="46.504510"/><trkpt lon="10.360180" lat="46.504500"/><trkpt lon="10.360130" lat="46.504560"/><trkpt lon="10.360330" lat="46.504740"/><trkpt lon="10.361050" lat="46.505360"/><trkpt lon="10.361310" lat="46.505570"/><trkpt lon="10.361290" lat="46.505610"/><trkpt lon="10.361170" lat="46.505620"/><trkpt lon="10.359890" lat="46.504710"/><trkpt lon="10.357190" lat="46.503330"/><trkpt lon="10.356900" lat="46.503250"/><trkpt lon="10.356610" lat="46.503200"/><trkpt lon="10.356490" lat="46.503100"/><trkpt lon="10.356390" lat="46.502920"/><trkpt lon="10.356340" lat="46.502550"/><trkpt lon="10.356620" lat="46.502200"/><trkpt lon="10.356730" lat="46.501990"/><trkpt lon="10.356780" lat="46.501770"/><trkpt lon="10.356770" lat="46.501300"/><trkpt lon="10.356650" lat="46.500690"/><trkpt lon="10.356740" lat="46.500240"/><trkpt lon="10.356950" lat="46.499740"/><trkpt lon="10.357270" lat="46.499420"/><trkpt lon="10.357620" lat="46.499120"/><trkpt lon="10.357690" lat="46.498850"/><trkpt lon="10.357810" lat="46.497240"/><trkpt lon="10.357780" lat="46.496910"/><trkpt lon="10.357820" lat="46.496800"/><trkpt lon="10.358050" lat="46.496640"/><trkpt lon="10.358110" lat="46.496580"/><trkpt lon="10.358120" lat="46.496440"/><trkpt lon="10.358010" lat="46.496140"/><trkpt lon="10.358020" lat="46.496000"/><trkpt lon="10.358120" lat="46.495890"/><trkpt lon="10.358600" lat="46.495470"/><trkpt lon="10.358620" lat="46.495160"/><trkpt lon="10.358840" lat="46.494910"/><trkpt lon="10.359420" lat="46.494430"/><trkpt lon="10.359960" lat="46.493800"/><trkpt lon="10.360240" lat="46.493350"/><trkpt lon="10.360430" lat="46.493170"/><trkpt lon="10.360610" lat="46.493100"/><trkpt lon="10.361030" lat="46.493170"/><trkpt lon="10.361260" lat="46.493160"/><trkpt lon="10.362060" lat="46.492670"/><trkpt lon="10.362340" lat="46.492460"/><trkpt lon="10.362320" lat="46.492310"/><trkpt lon="10.362240" lat="46.492080"/><trkpt lon="10.362300" lat="46.491950"/><trkpt lon="10.362730" lat="46.491670"/><trkpt lon="10.363610" lat="46.491080"/><trkpt lon="10.363960" lat="46.490820"/><trkpt lon="10.364300" lat="46.490070"/><trkpt lon="10.364460" lat="46.489300"/><trkpt lon="10.364720" lat="46.488660"/><trkpt lon="10.364710" lat="46.488070"/><trkpt lon="10.365210" lat="46.487240"/><trkpt lon="10.366280" lat="46.486020"/><trkpt lon="10.366320" lat="46.485900"/><trkpt lon="10.366290" lat="46.485790"/><trkpt lon="10.365850" lat="46.485250"/><trkpt lon="10.365600" lat="46.484380"/><trkpt lon="10.365660" lat="46.484150"/><trkpt lon="10.365810" lat="46.484020"/><trkpt lon="10.366460" lat="46.483710"/><trkpt lon="10.366590" lat="46.483540"/><trkpt lon="10.366890" lat="46.482980"/><trkpt lon="10.367210" lat="46.482620"/><trkpt lon="10.367480" lat="46.482450"/><trkpt lon="10.367980" lat="46.482230"/><trkpt lon="10.368430" lat="46.481610"/><trkpt lon="10.368450" lat="46.481350"/><trkpt lon="10.368340" lat="46.480690"/><trkpt lon="10.368410" lat="46.480270"/><trkpt lon="10.368390" lat="46.479960"/><trkpt lon="10.368510" lat="46.479750"/><trkpt lon="10.369520" lat="46.478430"/><trkpt lon="10.369570" lat="46.478260"/><trkpt lon="10.369530" lat="46.478070"/><trkpt lon="10.369370" lat="46.477920"/><trkpt lon="10.368970" lat="46.477680"/><trkpt lon="10.368670" lat="46.476750"/><trkpt lon="10.368600" lat="46.476370"/><trkpt lon="10.368500" lat="46.476320"/><trkpt lon="10.368380" lat="46.476360"/><trkpt lon="10.367810" lat="46.477150"/><trkpt lon="10.367620" lat="46.477630"/><trkpt lon="10.367500" lat="46.477690"/><trkpt lon="10.367390" lat="46.477650"/><trkpt lon="10.367340" lat="46.477530"/><trkpt lon="10.366900" lat="46.474430"/><trkpt lon="10.367130" lat="46.473760"/><trkpt lon="10.367470" lat="46.473290"/><trkpt lon="10.368180" lat="46.472540"/><trkpt lon="10.368140" lat="46.472410"/><trkpt lon="10.367960" lat="46.472330"/><trkpt lon="10.367640" lat="46.472410"/><trkpt lon="10.366220" lat="46.472950"/><trkpt lon="10.366010" lat="46.472930"/><trkpt lon="10.365880" lat="46.472840"/><trkpt lon="10.365890" lat="46.472680"/><trkpt lon="10.366560" lat="46.471400"/><trkpt lon="10.367130" lat="46.470960"/><trkpt lon="10.368790" lat="46.469790"/><trkpt lon="10.369150" lat="46.469650"/><trkpt lon="10.370400" lat="46.469520"/><trkpt lon="10.370830" lat="46.469400"/><trkpt lon="10.371260" lat="46.469170"/><trkpt lon="10.371780" lat="46.468620"/><trkpt lon="10.371850" lat="46.468130"/><trkpt lon="10.371690" lat="46.467770"/><trkpt lon="10.370840" lat="46.466590"/><trkpt lon="10.370730" lat="46.466530"/><trkpt lon="10.370740" lat="46.466460"/><trkpt lon="10.370850" lat="46.466420"/><trkpt lon="10.370940" lat="46.466460"/><trkpt lon="10.371160" lat="46.466550"/><trkpt lon="10.371410" lat="46.466600"/><trkpt lon="10.372360" lat="46.466360"/><trkpt lon="10.372520" lat="46.466230"/><trkpt lon="10.372840" lat="46.465210"/><trkpt lon="10.374540" lat="46.465640"/><trkpt lon="10.378460" lat="46.466570"/><trkpt lon="10.379150" lat="46.466700"/><trkpt lon="10.380450" lat="46.466950"/><trkpt lon="10.381310" lat="46.466940"/><trkpt lon="10.382720" lat="46.466780"/><trkpt lon="10.383680" lat="46.466550"/><trkpt lon="10.384450" lat="46.466320"/><trkpt lon="10.385590" lat="46.466130"/><trkpt lon="10.386130" lat="46.466200"/><trkpt lon="10.387580" lat="46.466260"/><trkpt lon="10.388270" lat="46.466200"/><trkpt lon="10.389590" lat="46.466280"/><trkpt lon="10.390250" lat="46.466200"/><trkpt lon="10.390900" lat="46.466060"/><trkpt lon="10.391190" lat="46.466080"/><trkpt lon="10.392830" lat="46.466300"/><trkpt lon="10.393590" lat="46.466240"/><trkpt lon="10.394730" lat="46.466040"/><trkpt lon="10.396150" lat="46.465890"/><trkpt lon="10.397100" lat="46.465930"/><trkpt lon="10.397740" lat="46.465910"/><trkpt lon="10.398170" lat="46.465630"/><trkpt lon="10.398460" lat="46.465190"/><trkpt lon="10.399010" lat="46.464840"/><trkpt lon="10.400540" lat="46.463900"/><trkpt lon="10.400680" lat="46.463670"/><trkpt lon="10.401110" lat="46.463410"/><trkpt lon="10.401580" lat="46.463240"/><trkpt lon="10.402830" lat="46.463010"/><trkpt lon="10.403250" lat="46.462950"/><trkpt lon="10.403570" lat="46.462960"/><trkpt lon="10.404070" lat="46.463050"/><trkpt lon="10.404660" lat="46.463270"/><trkpt lon="10.405020" lat="46.463350"/><trkpt lon="10.405480" lat="46.463360"/><trkpt lon="10.407040" lat="46.463060"/><trkpt lon="10.407330" lat="46.462940"/><trkpt lon="10.407570" lat="46.462830"/><trkpt lon="10.408100" lat="46.462750"/><trkpt lon="10.408280" lat="46.462770"/><trkpt lon="10.410190" lat="46.462680"/><trkpt lon="10.410800" lat="46.462600"/><trkpt lon="10.412160" lat="46.462210"/><trkpt lon="10.413140" lat="46.462130"/><trkpt lon="10.414000" lat="46.461910"/><trkpt lon="10.414900" lat="46.461790"/><trkpt lon="10.417210" lat="46.461350"/><trkpt lon="10.418930" lat="46.461090"/><trkpt lon="10.420560" lat="46.460700"/><trkpt lon="10.420940" lat="46.460500"/><trkpt lon="10.421810" lat="46.459750"/><trkpt lon="10.422670" lat="46.458920"/><trkpt lon="10.423370" lat="46.458530"/><trkpt lon="10.423680" lat="46.458450"/><trkpt lon="10.424590" lat="46.458360"/><trkpt lon="10.424990" lat="46.458440"/><trkpt lon="10.425700" lat="46.458370"/><trkpt lon="10.425910" lat="46.458190"/><trkpt lon="10.426170" lat="46.457720"/><trkpt lon="10.426800" lat="46.457400"/><trkpt lon="10.427990" lat="46.456930"/><trkpt lon="10.430840" lat="46.455790"/><trkpt lon="10.431200" lat="46.455480"/><trkpt lon="10.431400" lat="46.455140"/><trkpt lon="10.431700" lat="46.454150"/><trkpt lon="10.431970" lat="46.453720"/><trkpt lon="10.433380" lat="46.452960"/><trkpt lon="10.434570" lat="46.452590"/><trkpt lon="10.435600" lat="46.452170"/><trkpt lon="10.436520" lat="46.451020"/><trkpt lon="10.437670" lat="46.450150"/><trkpt lon="10.439310" lat="46.448530"/><trkpt lon="10.439730" lat="46.447850"/><trkpt lon="10.440460" lat="46.446450"/><trkpt lon="10.441650" lat="46.444740"/><trkpt lon="10.443110" lat="46.443700"/><trkpt lon="10.445220" lat="46.442120"/><trkpt lon="10.445590" lat="46.441770"/><trkpt lon="10.445930" lat="46.441550"/><trkpt lon="10.447080" lat="46.441120"/><trkpt lon="10.448550" lat="46.440030"/><trkpt lon="10.449430" lat="46.439670"/><trkpt lon="10.450420" lat="46.438970"/><trkpt lon="10.450960" lat="46.438410"/><trkpt lon="10.451630" lat="46.437620"/><trkpt lon="10.453960" lat="46.436160"/><trkpt lon="10.454390" lat="46.435780"/><trkpt lon="10.454650" lat="46.435240"/><trkpt lon="10.454980" lat="46.434490"/><trkpt lon="10.455420" lat="46.433880"/><trkpt lon="10.455620" lat="46.433160"/><trkpt lon="10.456880" lat="46.431320"/><trkpt lon="10.458470" lat="46.429380"/><trkpt lon="10.461070" lat="46.427010"/><trkpt lon="10.463520" lat="46.425490"/><trkpt lon="10.465060" lat="46.424730"/><trkpt lon="10.466160" lat="46.424320"/><trkpt lon="10.467070" lat="46.424040"/><trkpt lon="10.468060" lat="46.423960"/><trkpt lon="10.468710" lat="46.423610"/><trkpt lon="10.469150" lat="46.423020"/><trkpt lon="10.470810" lat="46.422330"/><trkpt lon="10.471240" lat="46.421920"/><trkpt lon="10.474250" lat="46.420590"/><trkpt lon="10.476260" lat="46.419670"/><trkpt lon="10.477940" lat="46.419060"/><trkpt lon="10.478460" lat="46.418870"/><trkpt lon="10.479340" lat="46.418750"/><trkpt lon="10.480670" lat="46.418700"/><trkpt lon="10.481500" lat="46.418700"/><trkpt lon="10.482270" lat="46.418420"/><trkpt lon="10.483170" lat="46.417960"/><trkpt lon="10.483680" lat="46.417640"/><trkpt lon="10.484240" lat="46.417490"/><trkpt lon="10.484570" lat="46.417150"/><trkpt lon="10.484970" lat="46.416890"/><trkpt lon="10.485490" lat="46.416530"/><trkpt lon="10.486860" lat="46.416150"/><trkpt lon="10.487150" lat="46.416060"/><trkpt lon="10.487490" lat="46.415900"/><trkpt lon="10.487830" lat="46.415510"/><trkpt lon="10.488230" lat="46.415180"/><trkpt lon="10.488530" lat="46.414810"/><trkpt lon="10.489010" lat="46.414550"/><trkpt lon="10.489430" lat="46.414440"/><trkpt lon="10.490630" lat="46.414350"/><trkpt lon="10.491560" lat="46.413880"/><trkpt lon="10.494120" lat="46.412560"/><trkpt lon="10.494350" lat="46.412400"/><trkpt lon="10.494640" lat="46.411670"/><trkpt lon="10.495630" lat="46.410500"/><trkpt lon="10.495970" lat="46.410210"/><trkpt lon="10.496390" lat="46.410010"/><trkpt lon="10.496860" lat="46.409900"/><trkpt lon="10.497100" lat="46.409780"/><trkpt lon="10.497410" lat="46.409270"/><trkpt lon="10.498380" lat="46.408430"/><trkpt lon="10.498380" lat="46.408350"/><trkpt lon="10.498270" lat="46.408340"/><trkpt lon="10.497930" lat="46.408400"/><trkpt lon="10.497270" lat="46.408680"/><trkpt lon="10.496970" lat="46.408730"/><trkpt lon="10.496050" lat="46.409190"/><trkpt lon="10.495610" lat="46.409290"/><trkpt lon="10.494770" lat="46.409290"/><trkpt lon="10.494410" lat="46.409410"/><trkpt lon="10.493900" lat="46.409740"/><trkpt lon="10.493790" lat="46.409880"/><trkpt lon="10.493700" lat="46.409880"/><trkpt lon="10.493690" lat="46.409790"/><trkpt lon="10.494060" lat="46.409280"/><trkpt lon="10.494680" lat="46.408880"/><trkpt lon="10.495150" lat="46.408790"/><trkpt lon="10.495600" lat="46.408660"/><trkpt lon="10.495870" lat="46.408350"/><trkpt lon="10.496360" lat="46.407920"/><trkpt lon="10.496530" lat="46.407430"/><trkpt lon="10.496590" lat="46.406870"/><trkpt lon="10.497090" lat="46.406920"/><trkpt lon="10.498190" lat="46.406130"/><trkpt lon="10.498600" lat="46.405750"/><trkpt lon="10.498970" lat="46.405170"/><trkpt lon="10.499060" lat="46.404910"/><trkpt lon="10.499230" lat="46.404780"/><trkpt lon="10.499720" lat="46.404700"/><trkpt lon="10.499910" lat="46.404500"/><trkpt lon="10.500020" lat="46.404030"/><trkpt lon="10.500330" lat="46.403660"/><trkpt lon="10.500360" lat="46.403550"/><trkpt lon="10.500220" lat="46.403570"/><trkpt lon="10.499960" lat="46.403940"/><trkpt lon="10.499680" lat="46.404270"/><trkpt lon="10.499360" lat="46.404420"/><trkpt lon="10.498540" lat="46.404740"/><trkpt lon="10.498020" lat="46.405010"/><trkpt lon="10.497700" lat="46.405110"/><trkpt lon="10.497420" lat="46.405470"/><trkpt lon="10.496770" lat="46.405750"/><trkpt lon="10.496650" lat="46.405770"/><trkpt lon="10.496620" lat="46.405730"/><trkpt lon="10.496650" lat="46.405680"/><trkpt lon="10.497100" lat="46.405470"/><trkpt lon="10.497280" lat="46.405210"/><trkpt lon="10.499080" lat="46.403550"/><trkpt lon="10.499090" lat="46.403470"/><trkpt lon="10.498990" lat="46.403440"/><trkpt lon="10.498900" lat="46.403480"/><trkpt lon="10.498510" lat="46.403770"/><trkpt lon="10.498140" lat="46.403910"/><trkpt lon="10.497800" lat="46.404080"/><trkpt lon="10.497320" lat="46.404190"/><trkpt lon="10.496660" lat="46.404660"/><trkpt lon="10.496210" lat="46.404830"/><trkpt lon="10.495740" lat="46.404900"/><trkpt lon="10.495380" lat="46.404970"/><trkpt lon="10.495240" lat="46.405210"/><trkpt lon="10.495100" lat="46.405290"/><trkpt lon="10.494680" lat="46.405570"/><trkpt lon="10.494140" lat="46.405870"/><trkpt lon="10.494030" lat="46.405850"/><trkpt lon="10.494030" lat="46.405790"/><trkpt lon="10.494450" lat="46.405590"/><trkpt lon="10.494720" lat="46.405220"/><trkpt lon="10.494910" lat="46.405030"/><trkpt lon="10.495300" lat="46.404390"/><trkpt lon="10.496130" lat="46.403800"/><trkpt lon="10.496170" lat="46.403420"/><trkpt lon="10.496730" lat="46.402900"/><trkpt lon="10.497390" lat="46.402410"/><trkpt lon="10.498120" lat="46.401470"/><trkpt lon="10.498460" lat="46.400580"/><trkpt lon="10.498650" lat="46.399870"/><trkpt lon="10.498790" lat="46.399420"/><trkpt lon="10.499030" lat="46.398950"/><trkpt lon="10.499120" lat="46.398710"/><trkpt lon="10.499070" lat="46.398660"/><trkpt lon="10.498950" lat="46.398670"/><trkpt lon="10.498510" lat="46.399010"/><trkpt lon="10.498090" lat="46.399480"/><trkpt lon="10.497470" lat="46.400350"/><trkpt lon="10.495620" lat="46.401180"/><trkpt lon="10.495050" lat="46.401210"/><trkpt lon="10.494210" lat="46.401250"/><trkpt lon="10.493190" lat="46.401660"/><trkpt lon="10.491740" lat="46.401820"/><trkpt lon="10.491670" lat="46.401760"/><trkpt lon="10.491720" lat="46.401720"/><trkpt lon="10.492310" lat="46.401460"/><trkpt lon="10.492860" lat="46.401020"/><trkpt lon="10.493680" lat="46.400670"/><trkpt lon="10.494710" lat="46.400290"/><trkpt lon="10.495590" lat="46.399950"/><trkpt lon="10.495750" lat="46.399550"/><trkpt lon="10.495630" lat="46.398980"/><trkpt lon="10.495740" lat="46.398630"/><trkpt lon="10.495720" lat="46.398580"/><trkpt lon="10.495660" lat="46.398560"/><trkpt lon="10.495570" lat="46.398590"/><trkpt lon="10.495270" lat="46.399070"/><trkpt lon="10.494860" lat="46.399550"/><trkpt lon="10.494630" lat="46.399700"/><trkpt lon="10.493690" lat="46.399910"/><trkpt lon="10.493570" lat="46.399910"/><trkpt lon="10.493550" lat="46.399860"/><trkpt lon="10.493780" lat="46.399750"/><trkpt lon="10.494170" lat="46.399480"/><trkpt lon="10.494530" lat="46.399220"/><trkpt lon="10.494500" lat="46.398730"/><trkpt lon="10.494380" lat="46.398070"/><trkpt lon="10.494510" lat="46.397880"/><trkpt lon="10.495120" lat="46.397470"/><trkpt lon="10.495620" lat="46.396790"/><trkpt lon="10.495870" lat="46.396160"/><trkpt lon="10.496010" lat="46.395690"/><trkpt lon="10.496490" lat="46.395170"/><trkpt lon="10.497280" lat="46.394520"/><trkpt lon="10.497900" lat="46.394180"/><trkpt lon="10.498320" lat="46.393840"/><trkpt lon="10.498800" lat="46.393150"/><trkpt lon="10.499320" lat="46.392640"/><trkpt lon="10.499780" lat="46.392080"/><trkpt lon="10.499900" lat="46.391810"/><trkpt lon="10.500010" lat="46.391270"/><trkpt lon="10.500790" lat="46.390700"/><trkpt lon="10.500980" lat="46.390240"/><trkpt lon="10.500990" lat="46.389970"/><trkpt lon="10.500340" lat="46.389150"/><trkpt lon="10.500350" lat="46.389000"/><trkpt lon="10.500470" lat="46.388900"/><trkpt lon="10.500600" lat="46.388820"/><trkpt lon="10.500590" lat="46.388740"/><trkpt lon="10.499980" lat="46.388260"/><trkpt lon="10.499380" lat="46.387300"/><trkpt lon="10.499380" lat="46.387110"/><trkpt lon="10.499420" lat="46.386910"/><trkpt lon="10.499400" lat="46.386670"/><trkpt lon="10.499320" lat="46.386470"/><trkpt lon="10.498790" lat="46.386060"/><trkpt lon="10.497650" lat="46.385560"/><trkpt lon="10.496980" lat="46.385210"/><trkpt lon="10.496610" lat="46.384840"/><trkpt lon="10.496440" lat="46.384480"/><trkpt lon="10.496430" lat="46.384370"/><trkpt lon="10.496520" lat="46.384250"/><trkpt lon="10.496750" lat="46.384160"/><trkpt lon="10.497680" lat="46.384100"/><trkpt lon="10.498480" lat="46.384160"/><trkpt lon="10.498950" lat="46.384300"/><trkpt lon="10.499460" lat="46.384440"/><trkpt lon="10.499800" lat="46.384550"/><trkpt lon="10.500140" lat="46.384540"/><trkpt lon="10.500540" lat="46.384770"/><trkpt lon="10.500930" lat="46.384840"/><trkpt lon="10.501390" lat="46.384820"/><trkpt lon="10.501980" lat="46.384610"/><trkpt lon="10.502280" lat="46.384340"/><trkpt lon="10.502930" lat="46.384030"/><trkpt lon="10.503340" lat="46.383470"/><trkpt lon="10.503420" lat="46.382920"/><trkpt lon="10.503560" lat="46.382400"/><trkpt lon="10.503600" lat="46.381600"/><trkpt lon="10.503840" lat="46.381210"/><trkpt lon="10.504050" lat="46.380970"/><trkpt lon="10.503940" lat="46.380480"/><trkpt lon="10.503660" lat="46.379630"/><trkpt lon="10.503680" lat="46.379200"/><trkpt lon="10.503770" lat="46.378960"/><trkpt lon="10.503520" lat="46.378640"/><trkpt lon="10.503460" lat="46.378450"/><trkpt lon="10.503570" lat="46.377790"/><trkpt lon="10.503720" lat="46.377490"/><trkpt lon="10.503690" lat="46.377010"/><trkpt lon="10.503820" lat="46.376460"/><trkpt lon="10.503600" lat="46.376090"/><trkpt lon="10.503520" lat="46.375870"/><trkpt lon="10.503380" lat="46.375580"/><trkpt lon="10.503450" lat="46.375330"/><trkpt lon="10.503270" lat="46.374980"/><trkpt lon="10.503370" lat="46.374860"/><trkpt lon="10.503430" lat="46.374700"/><trkpt lon="10.503320" lat="46.374340"/><trkpt lon="10.502810" lat="46.373960"/><trkpt lon="10.502370" lat="46.373710"/><trkpt lon="10.502270" lat="46.373490"/><trkpt lon="10.502310" lat="46.373000"/><trkpt lon="10.502230" lat="46.372550"/><trkpt lon="10.502360" lat="46.372060"/><trkpt lon="10.502380" lat="46.371830"/><trkpt lon="10.502270" lat="46.371420"/><trkpt lon="10.502310" lat="46.371130"/><trkpt lon="10.502270" lat="46.370960"/><trkpt lon="10.502160" lat="46.370320"/><trkpt lon="10.502070" lat="46.369850"/><trkpt lon="10.502100" lat="46.369420"/><trkpt lon="10.501980" lat="46.368220"/><trkpt lon="10.502080" lat="46.367970"/><trkpt lon="10.502410" lat="46.367580"/><trkpt lon="10.502340" lat="46.367450"/><trkpt lon="10.502060" lat="46.367150"/><trkpt lon="10.502090" lat="46.367020"/><trkpt lon="10.502210" lat="46.366840"/><trkpt lon="10.502360" lat="46.366520"/><trkpt lon="10.502400" lat="46.366240"/><trkpt lon="10.502010" lat="46.365290"/><trkpt lon="10.501550" lat="46.364210"/><trkpt lon="10.501490" lat="46.363650"/><trkpt lon="10.501030" lat="46.362930"/><trkpt lon="10.500860" lat="46.362510"/><trkpt lon="10.500800" lat="46.361820"/><trkpt lon="10.500380" lat="46.361030"/><trkpt lon="10.500330" lat="46.360820"/><trkpt lon="10.500470" lat="46.360050"/><trkpt lon="10.500430" lat="46.359760"/><trkpt lon="10.500270" lat="46.359500"/><trkpt lon="10.500250" lat="46.359260"/><trkpt lon="10.499880" lat="46.359010"/><trkpt lon="10.499450" lat="46.358490"/><trkpt lon="10.499080" lat="46.358110"/><trkpt lon="10.498650" lat="46.356950"/><trkpt lon="10.498300" lat="46.356390"/><trkpt lon="10.497910" lat="46.355600"/><trkpt lon="10.497810" lat="46.355390"/><trkpt lon="10.497600" lat="46.354720"/><trkpt lon="10.497140" lat="46.354330"/><trkpt lon="10.496650" lat="46.353900"/><trkpt lon="10.496470" lat="46.353540"/><trkpt lon="10.496410" lat="46.353280"/><trkpt lon="10.496190" lat="46.353100"/><trkpt lon="10.495910" lat="46.352600"/><trkpt lon="10.495690" lat="46.352210"/><trkpt lon="10.495310" lat="46.351910"/><trkpt lon="10.494780" lat="46.351130"/><trkpt lon="10.494190" lat="46.350440"/><trkpt lon="10.494020" lat="46.350020"/><trkpt lon="10.494070" lat="46.349660"/><trkpt lon="10.493990" lat="46.349510"/><trkpt lon="10.493640" lat="46.349030"/><trkpt lon="10.493480" lat="46.348480"/><trkpt lon="10.493550" lat="46.347910"/><trkpt lon="10.493570" lat="46.347400"/><trkpt lon="10.493780" lat="46.347060"/><trkpt lon="10.494020" lat="46.346860"/><trkpt lon="10.494170" lat="46.346520"/><trkpt lon="10.494130" lat="46.346310"/><trkpt lon="10.493930" lat="46.346190"/><trkpt lon="10.493100" lat="46.346040"/><trkpt lon="10.492440" lat="46.345740"/><trkpt lon="10.492020" lat="46.345520"/><trkpt lon="10.491540" lat="46.344720"/><trkpt lon="10.491260" lat="46.344490"/><trkpt lon="10.490360" lat="46.344220"/><trkpt lon="10.489380" lat="46.344100"/><trkpt lon="10.488440" lat="46.343700"/><trkpt lon="10.487520" lat="46.343480"/><trkpt lon="10.487330" lat="46.343480"/><trkpt lon="10.486290" lat="46.343650"/><trkpt lon="10.485370" lat="46.343780"/><trkpt lon="10.484630" lat="46.343890"/><trkpt lon="10.484350" lat="46.343830"/><trkpt lon="10.484260" lat="46.343760"/><trkpt lon="10.484110" lat="46.343250"/><trkpt lon="10.483890" lat="46.342800"/><trkpt lon="10.483890" lat="46.342690"/><trkpt lon="10.484210" lat="46.342130"/><trkpt lon="10.484510" lat="46.341710"/><trkpt lon="10.484680" lat="46.341580"/><trkpt lon="10.484830" lat="46.341530"/><trkpt lon="10.485180" lat="46.341450"/><trkpt lon="10.485490" lat="46.341190"/><trkpt lon="10.485840" lat="46.340510"/><trkpt lon="10.485880" lat="46.340370"/><trkpt lon="10.485840" lat="46.340240"/><trkpt lon="10.485700" lat="46.340110"/><trkpt lon="10.485350" lat="46.339910"/><trkpt lon="10.485290" lat="46.339820"/><trkpt lon="10.485190" lat="46.339350"/><trkpt lon="10.485090" lat="46.339210"/><trkpt lon="10.484990" lat="46.339170"/><trkpt lon="10.484510" lat="46.339120"/><trkpt lon="10.483970" lat="46.339150"/><trkpt lon="10.483790" lat="46.339130"/><trkpt lon="10.483780" lat="46.339080"/><trkpt lon="10.484160" lat="46.339040"/><trkpt lon="10.484700" lat="46.338970"/><trkpt lon="10.485270" lat="46.338860"/><trkpt lon="10.485920" lat="46.338760"/><trkpt lon="10.486560" lat="46.338810"/><trkpt lon="10.487410" lat="46.338930"/><trkpt lon="10.487920" lat="46.338920"/><trkpt lon="10.488170" lat="46.339030"/><trkpt lon="10.488270" lat="46.339140"/><trkpt lon="10.488380" lat="46.339290"/><trkpt lon="10.488450" lat="46.339280"/><trkpt lon="10.488450" lat="46.339220"/><trkpt lon="10.488160" lat="46.338790"/><trkpt lon="10.487970" lat="46.338660"/><trkpt lon="10.487660" lat="46.338550"/><trkpt lon="10.487200" lat="46.338470"/><trkpt lon="10.486500" lat="46.338230"/><trkpt lon="10.486010" lat="46.338240"/><trkpt lon="10.485340" lat="46.338200"/><trkpt lon="10.484650" lat="46.338310"/><trkpt lon="10.484570" lat="46.338280"/><trkpt lon="10.484680" lat="46.338210"/><trkpt lon="10.485290" lat="46.338070"/><trkpt lon="10.486470" lat="46.337850"/><trkpt lon="10.486770" lat="46.337820"/><trkpt lon="10.487830" lat="46.337920"/><trkpt lon="10.488220" lat="46.337990"/><trkpt lon="10.488280" lat="46.337970"/><trkpt lon="10.488360" lat="46.337680"/><trkpt lon="10.488480" lat="46.337120"/><trkpt lon="10.488480" lat="46.336740"/><trkpt lon="10.488620" lat="46.336450"/><trkpt lon="10.488600" lat="46.336280"/><trkpt lon="10.488300" lat="46.335780"/><trkpt lon="10.488240" lat="46.335440"/><trkpt lon="10.487770" lat="46.334970"/><trkpt lon="10.487770" lat="46.334830"/><trkpt lon="10.488000" lat="46.334680"/><trkpt lon="10.488790" lat="46.334370"/><trkpt lon="10.488950" lat="46.334240"/><trkpt lon="10.489020" lat="46.334060"/><trkpt lon="10.488990" lat="46.333050"/><trkpt lon="10.488910" lat="46.332660"/><trkpt lon="10.488890" lat="46.331890"/><trkpt lon="10.489140" lat="46.331310"/><trkpt lon="10.489480" lat="46.330690"/><trkpt lon="10.489470" lat="46.327400"/><trkpt lon="10.489440" lat="46.326610"/><trkpt lon="10.489460" lat="46.326280"/><trkpt lon="10.489570" lat="46.326040"/><trkpt lon="10.490070" lat="46.325410"/><trkpt lon="10.490440" lat="46.324430"/><trkpt lon="10.490420" lat="46.323970"/><trkpt lon="10.490700" lat="46.323690"/><trkpt lon="10.491480" lat="46.322890"/><trkpt lon="10.491410" lat="46.322580"/><trkpt lon="10.491400" lat="46.322360"/><trkpt lon="10.492400" lat="46.321420"/><trkpt lon="10.492860" lat="46.320820"/><trkpt lon="10.493450" lat="46.320170"/><trkpt lon="10.493660" lat="46.319820"/><trkpt lon="10.494140" lat="46.319640"/><trkpt lon="10.494710" lat="46.319350"/><trkpt lon="10.495320" lat="46.319030"/><trkpt lon="10.495630" lat="46.318800"/><trkpt lon="10.495790" lat="46.318550"/><trkpt lon="10.496040" lat="46.318380"/><trkpt lon="10.496290" lat="46.318280"/><trkpt lon="10.496590" lat="46.318200"/><trkpt lon="10.496740" lat="46.318240"/><trkpt lon="10.496910" lat="46.318350"/><trkpt lon="10.497220" lat="46.318350"/><trkpt lon="10.497490" lat="46.318260"/><trkpt lon="10.497930" lat="46.317800"/><trkpt lon="10.498310" lat="46.317070"/><trkpt lon="10.498450" lat="46.316840"/><trkpt lon="10.498900" lat="46.316470"/><trkpt lon="10.499040" lat="46.316290"/><trkpt lon="10.499140" lat="46.315960"/><trkpt lon="10.499620" lat="46.315510"/><trkpt lon="10.499940" lat="46.315150"/><trkpt lon="10.499980" lat="46.314800"/><trkpt lon="10.500040" lat="46.314760"/><trkpt lon="10.500190" lat="46.314730"/><trkpt lon="10.500530" lat="46.314730"/><trkpt lon="10.500870" lat="46.314650"/><trkpt lon="10.501090" lat="46.314550"/><trkpt lon="10.501590" lat="46.314170"/><trkpt lon="10.501890" lat="46.314100"/><trkpt lon="10.502220" lat="46.314120"/><trkpt lon="10.502400" lat="46.314100"/><trkpt lon="10.502720" lat="46.313950"/><trkpt lon="10.503140" lat="46.313640"/><trkpt lon="10.503690" lat="46.313350"/><trkpt lon="10.504220" lat="46.312980"/><trkpt lon="10.504390" lat="46.312810"/><trkpt lon="10.504520" lat="46.312570"/><trkpt lon="10.504470" lat="46.312190"/><trkpt lon="10.504020" lat="46.311240"/><trkpt lon="10.504030" lat="46.311110"/><trkpt lon="10.504170" lat="46.310970"/><trkpt lon="10.504570" lat="46.310850"/><trkpt lon="10.504770" lat="46.310650"/><trkpt lon="10.505070" lat="46.310290"/><trkpt lon="10.505660" lat="46.309870"/><trkpt lon="10.506380" lat="46.309290"/><trkpt lon="10.507750" lat="46.308380"/><trkpt lon="10.507800" lat="46.308330"/><trkpt lon="10.507760" lat="46.308280"/><trkpt lon="10.507530" lat="46.308330"/><trkpt lon="10.506450" lat="46.308690"/><trkpt lon="10.505580" lat="46.308790"/><trkpt lon="10.505340" lat="46.308870"/><trkpt lon="10.504750" lat="46.309190"/><trkpt lon="10.504650" lat="46.309180"/><trkpt lon="10.504660" lat="46.309090"/><trkpt lon="10.504970" lat="46.308930"/><trkpt lon="10.505780" lat="46.308300"/><trkpt lon="10.506080" lat="46.308110"/><trkpt lon="10.506520" lat="46.307920"/><trkpt lon="10.506750" lat="46.307710"/><trkpt lon="10.507100" lat="46.307610"/><trkpt lon="10.507560" lat="46.307480"/><trkpt lon="10.508510" lat="46.307460"/><trkpt lon="10.508570" lat="46.307420"/><trkpt lon="10.508530" lat="46.307370"/><trkpt lon="10.507910" lat="46.307330"/><trkpt lon="10.507330" lat="46.307270"/><trkpt lon="10.506770" lat="46.307320"/><trkpt lon="10.506120" lat="46.307610"/><trkpt lon="10.505610" lat="46.307780"/><trkpt lon="10.505360" lat="46.308020"/><trkpt lon="10.504810" lat="46.308250"/><trkpt lon="10.504480" lat="46.308420"/><trkpt lon="10.504430" lat="46.308380"/><trkpt lon="10.504450" lat="46.308340"/><trkpt lon="10.504700" lat="46.308190"/><trkpt lon="10.505280" lat="46.307910"/><trkpt lon="10.505530" lat="46.307530"/><trkpt lon="10.505720" lat="46.306950"/><trkpt lon="10.505790" lat="46.306850"/><trkpt lon="10.506270" lat="46.306660"/><trkpt lon="10.506840" lat="46.306410"/><trkpt lon="10.508000" lat="46.306190"/><trkpt lon="10.508310" lat="46.306290"/><trkpt lon="10.508670" lat="46.306430"/><trkpt lon="10.508810" lat="46.306430"/><trkpt lon="10.508930" lat="46.306370"/><trkpt lon="10.509070" lat="46.306210"/><trkpt lon="10.509310" lat="46.306030"/><trkpt lon="10.509350" lat="46.305680"/><trkpt lon="10.509380" lat="46.304990"/><trkpt lon="10.509450" lat="46.304880"/><trkpt lon="10.509660" lat="46.304770"/><trkpt lon="10.509880" lat="46.304700"/><trkpt lon="10.510010" lat="46.304420"/><trkpt lon="10.510040" lat="46.303830"/><trkpt lon="10.510150" lat="46.303240"/><trkpt lon="10.510440" lat="46.302540"/><trkpt lon="10.510640" lat="46.302330"/><trkpt lon="10.511530" lat="46.302010"/><trkpt lon="10.511590" lat="46.301940"/><trkpt lon="10.511540" lat="46.301910"/><trkpt lon="10.510890" lat="46.302100"/><trkpt lon="10.510160" lat="46.302370"/><trkpt lon="10.510010" lat="46.302670"/><trkpt lon="10.509480" lat="46.303500"/><trkpt lon="10.509350" lat="46.303980"/><trkpt lon="10.509130" lat="46.304200"/><trkpt lon="10.508870" lat="46.304270"/><trkpt lon="10.508310" lat="46.304260"/><trkpt lon="10.508230" lat="46.304220"/><trkpt lon="10.508270" lat="46.304160"/><trkpt lon="10.508430" lat="46.304160"/><trkpt lon="10.508850" lat="46.304200"/><trkpt lon="10.509050" lat="46.304110"/><trkpt lon="10.509260" lat="46.303370"/><trkpt lon="10.509410" lat="46.302580"/><trkpt lon="10.509430" lat="46.302000"/><trkpt lon="10.509620" lat="46.301250"/><trkpt lon="10.509840" lat="46.300790"/><trkpt lon="10.510010" lat="46.300590"/><trkpt lon="10.510470" lat="46.300390"/><trkpt lon="10.510500" lat="46.300340"/><trkpt lon="10.510410" lat="46.300320"/><trkpt lon="10.510060" lat="46.300440"/><trkpt lon="10.509640" lat="46.300650"/><trkpt lon="10.509330" lat="46.300940"/><trkpt lon="10.509030" lat="46.301500"/><trkpt lon="10.508690" lat="46.302000"/><trkpt lon="10.508190" lat="46.302670"/><trkpt lon="10.507930" lat="46.302950"/><trkpt lon="10.507610" lat="46.303010"/><trkpt lon="10.507070" lat="46.302990"/><trkpt lon="10.506830" lat="46.303020"/><trkpt lon="10.506620" lat="46.303130"/><trkpt lon="10.506160" lat="46.303350"/><trkpt lon="10.505860" lat="46.303500"/><trkpt lon="10.505750" lat="46.303470"/><trkpt lon="10.505740" lat="46.303390"/><trkpt lon="10.506150" lat="46.303010"/><trkpt lon="10.506770" lat="46.302500"/><trkpt lon="10.507170" lat="46.302280"/><trkpt lon="10.507640" lat="46.301560"/><trkpt lon="10.507990" lat="46.300930"/><trkpt lon="10.508210" lat="46.300300"/><trkpt lon="10.508470" lat="46.299670"/><trkpt lon="10.509010" lat="46.299030"/><trkpt lon="10.510070" lat="46.298130"/><trkpt lon="10.510320" lat="46.297620"/><trkpt lon="10.510590" lat="46.297350"/><trkpt lon="10.510680" lat="46.297210"/><trkpt lon="10.510640" lat="46.297160"/><trkpt lon="10.510520" lat="46.297170"/><trkpt lon="10.510180" lat="46.297300"/><trkpt lon="10.509750" lat="46.297600"/><trkpt lon="10.509190" lat="46.298130"/><trkpt lon="10.508500" lat="46.298570"/><trkpt lon="10.507490" lat="46.299410"/><trkpt lon="10.507040" lat="46.299750"/><trkpt lon="10.506960" lat="46.299930"/><trkpt lon="10.506780" lat="46.300120"/><trkpt lon="10.506210" lat="46.300400"/><trkpt lon="10.505900" lat="46.300660"/><trkpt lon="10.505600" lat="46.300810"/><trkpt lon="10.504960" lat="46.301000"/><trkpt lon="10.504190" lat="46.301410"/><trkpt lon="10.503900" lat="46.301680"/><trkpt lon="10.503410" lat="46.301780"/><trkpt lon="10.502950" lat="46.301960"/><trkpt lon="10.502850" lat="46.301960"/><trkpt lon="10.502820" lat="46.301920"/><trkpt lon="10.503000" lat="46.301770"/><trkpt lon="10.503500" lat="46.301480"/><trkpt lon="10.503830" lat="46.301100"/><trkpt lon="10.504220" lat="46.300690"/><trkpt lon="10.504340" lat="46.300460"/><trkpt lon="10.504460" lat="46.300320"/><trkpt lon="10.504770" lat="46.300130"/><trkpt lon="10.505260" lat="46.299520"/><trkpt lon="10.506020" lat="46.298510"/><trkpt lon="10.506260" lat="46.297980"/><trkpt lon="10.506310" lat="46.297610"/><trkpt lon="10.506290" lat="46.297250"/><trkpt lon="10.506390" lat="46.297050"/><trkpt lon="10.507020" lat="46.296310"/><trkpt lon="10.507110" lat="46.295870"/><trkpt lon="10.507210" lat="46.295630"/><trkpt lon="10.507500" lat="46.295090"/><trkpt lon="10.507640" lat="46.294780"/><trkpt lon="10.508030" lat="46.294350"/><trkpt lon="10.508200" lat="46.294070"/><trkpt lon="10.508470" lat="46.293860"/><trkpt lon="10.509210" lat="46.293150"/><trkpt lon="10.509610" lat="46.293010"/><trkpt lon="10.510690" lat="46.292840"/><trkpt lon="10.511550" lat="46.292660"/><trkpt lon="10.511830" lat="46.292470"/><trkpt lon="10.512410" lat="46.291990"/><trkpt lon="10.512570" lat="46.291760"/><trkpt lon="10.512790" lat="46.291220"/><trkpt lon="10.513150" lat="46.290920"/><trkpt lon="10.513730" lat="46.290630"/><trkpt lon="10.514260" lat="46.290460"/><trkpt lon="10.514600" lat="46.290300"/><trkpt lon="10.515090" lat="46.289880"/><trkpt lon="10.516070" lat="46.289110"/><trkpt lon="10.516230" lat="46.289050"/><trkpt lon="10.516680" lat="46.288980"/><trkpt lon="10.517380" lat="46.288570"/><trkpt lon="10.518790" lat="46.287880"/><trkpt lon="10.518980" lat="46.287740"/><trkpt lon="10.519180" lat="46.287430"/><trkpt lon="10.519400" lat="46.286980"/><trkpt lon="10.519870" lat="46.286560"/><trkpt lon="10.520110" lat="46.286300"/><trkpt lon="10.520480" lat="46.285770"/><trkpt lon="10.520840" lat="46.285460"/><trkpt lon="10.520840" lat="46.285380"/><trkpt lon="10.520780" lat="46.285350"/><trkpt lon="10.520390" lat="46.285560"/><trkpt lon="10.519880" lat="46.285810"/><trkpt lon="10.519480" lat="46.285920"/><trkpt lon="10.519010" lat="46.285990"/><trkpt lon="10.518600" lat="46.286140"/><trkpt lon="10.518430" lat="46.286260"/><trkpt lon="10.518350" lat="46.286570"/><trkpt lon="10.518230" lat="46.286960"/><trkpt lon="10.518060" lat="46.287140"/><trkpt lon="10.517840" lat="46.287240"/><trkpt lon="10.517570" lat="46.287240"/><trkpt lon="10.517430" lat="46.287090"/><trkpt lon="10.517480" lat="46.286810"/><trkpt lon="10.517920" lat="46.285460"/><trkpt lon="10.518210" lat="46.284900"/><trkpt lon="10.518570" lat="46.284620"/><trkpt lon="10.518820" lat="46.284390"/><trkpt lon="10.518870" lat="46.284030"/><trkpt lon="10.518890" lat="46.283360"/><trkpt lon="10.518670" lat="46.282640"/><trkpt lon="10.518780" lat="46.281480"/><trkpt lon="10.518920" lat="46.281180"/><trkpt lon="10.519390" lat="46.280620"/><trkpt lon="10.519610" lat="46.280140"/><trkpt lon="10.519660" lat="46.279950"/><trkpt lon="10.519440" lat="46.279150"/><trkpt lon="10.519380" lat="46.277900"/><trkpt lon="10.519490" lat="46.277390"/><trkpt lon="10.519750" lat="46.276630"/><trkpt lon="10.519660" lat="46.276000"/><trkpt lon="10.519460" lat="46.275590"/><trkpt lon="10.519180" lat="46.274740"/><trkpt lon="10.519140" lat="46.274450"/><trkpt lon="10.519220" lat="46.274060"/><trkpt lon="10.519020" lat="46.273890"/><trkpt lon="10.518610" lat="46.273740"/><trkpt lon="10.518380" lat="46.273620"/><trkpt lon="10.517540" lat="46.272750"/><trkpt lon="10.517400" lat="46.272310"/><trkpt lon="10.517370" lat="46.271280"/><trkpt lon="10.517550" lat="46.270760"/><trkpt lon="10.517610" lat="46.269720"/><trkpt lon="10.517480" lat="46.269000"/><trkpt lon="10.517710" lat="46.268270"/><trkpt lon="10.517700" lat="46.268000"/><trkpt lon="10.517560" lat="46.267680"/><trkpt lon="10.517280" lat="46.267190"/><trkpt lon="10.517360" lat="46.266380"/><trkpt lon="10.517510" lat="46.265990"/><trkpt lon="10.517830" lat="46.265730"/><trkpt lon="10.517900" lat="46.265530"/><trkpt lon="10.517760" lat="46.265160"/><trkpt lon="10.517190" lat="46.264030"/><trkpt lon="10.517000" lat="46.263530"/><trkpt lon="10.517450" lat="46.262500"/><trkpt lon="10.517580" lat="46.262010"/><trkpt lon="10.517480" lat="46.261670"/><trkpt lon="10.517140" lat="46.261250"/><trkpt lon="10.517010" lat="46.261000"/><trkpt lon="10.517120" lat="46.260200"/><trkpt lon="10.517310" lat="46.259690"/><trkpt lon="10.517630" lat="46.259360"/><trkpt lon="10.521390" lat="46.257370"/><trkpt lon="10.521950" lat="46.257250"/><trkpt lon="10.522160" lat="46.257180"/><trkpt lon="10.522500" lat="46.256960"/><trkpt lon="10.522720" lat="46.256780"/><trkpt lon="10.522910" lat="46.256830"/><trkpt lon="10.522180" lat="46.257320"/><trkpt lon="10.521740" lat="46.257530"/><trkpt lon="10.521500" lat="46.257680"/><trkpt lon="10.521100" lat="46.258150"/><trkpt lon="10.520590" lat="46.258470"/><trkpt lon="10.520590" lat="46.258570"/><trkpt lon="10.520640" lat="46.258630"/><trkpt lon="10.520780" lat="46.258660"/><trkpt lon="10.520900" lat="46.258620"/><trkpt lon="10.520970" lat="46.258430"/><trkpt lon="10.521070" lat="46.258330"/><trkpt lon="10.521510" lat="46.258110"/><trkpt lon="10.522180" lat="46.257720"/><trkpt lon="10.523720" lat="46.256990"/><trkpt lon="10.523820" lat="46.256990"/><trkpt lon="10.523890" lat="46.257050"/><trkpt lon="10.523870" lat="46.257140"/><trkpt lon="10.523480" lat="46.257230"/><trkpt lon="10.522820" lat="46.257670"/><trkpt lon="10.521890" lat="46.258330"/><trkpt lon="10.521080" lat="46.259160"/><trkpt lon="10.520270" lat="46.260140"/><trkpt lon="10.520130" lat="46.260630"/><trkpt lon="10.520130" lat="46.260970"/><trkpt lon="10.521640" lat="46.263930"/><trkpt lon="10.521810" lat="46.264120"/><trkpt lon="10.521890" lat="46.264110"/><trkpt lon="10.521930" lat="46.264080"/><trkpt lon="10.521880" lat="46.263990"/><trkpt lon="10.521590" lat="46.263610"/><trkpt lon="10.521310" lat="46.262680"/><trkpt lon="10.521060" lat="46.262000"/><trkpt lon="10.520800" lat="46.261200"/><trkpt lon="10.521130" lat="46.260270"/><trkpt lon="10.521770" lat="46.259780"/><trkpt lon="10.523810" lat="46.258610"/><trkpt lon="10.525080" lat="46.258440"/><trkpt lon="10.525800" lat="46.258300"/><trkpt lon="10.526100" lat="46.258370"/><trkpt lon="10.526360" lat="46.258390"/><trkpt lon="10.526690" lat="46.258400"/><trkpt lon="10.526930" lat="46.258450"/><trkpt lon="10.527150" lat="46.258470"/><trkpt lon="10.527340" lat="46.258310"/><trkpt lon="10.527350" lat="46.258200"/><trkpt lon="10.527270" lat="46.257910"/><trkpt lon="10.527200" lat="46.257380"/><trkpt lon="10.527370" lat="46.256610"/><trkpt lon="10.527570" lat="46.256510"/><trkpt lon="10.527870" lat="46.256420"/><trkpt lon="10.528240" lat="46.255830"/><trkpt lon="10.528250" lat="46.255420"/><trkpt lon="10.528690" lat="46.255220"/><trkpt lon="10.529260" lat="46.255080"/><trkpt lon="10.529390" lat="46.255010"/><trkpt lon="10.529460" lat="46.254800"/><trkpt lon="10.529520" lat="46.254500"/><trkpt lon="10.529700" lat="46.254340"/><trkpt lon="10.530580" lat="46.254020"/><trkpt lon="10.532020" lat="46.253690"/><trkpt lon="10.533830" lat="46.253450"/><trkpt lon="10.534430" lat="46.253550"/><trkpt lon="10.534710" lat="46.253520"/><trkpt lon="10.535500" lat="46.252820"/><trkpt lon="10.535920" lat="46.252590"/><trkpt lon="10.536430" lat="46.252510"/><trkpt lon="10.536890" lat="46.252310"/><trkpt lon="10.537190" lat="46.252250"/><trkpt lon="10.537630" lat="46.252220"/><trkpt lon="10.538010" lat="46.252020"/><trkpt lon="10.538160" lat="46.252020"/><trkpt lon="10.538560" lat="46.252180"/><trkpt lon="10.538840" lat="46.252220"/><trkpt lon="10.539140" lat="46.252110"/><trkpt lon="10.539520" lat="46.251920"/><trkpt lon="10.539940" lat="46.251940"/><trkpt lon="10.541660" lat="46.252510"/><trkpt lon="10.543900" lat="46.252820"/><trkpt lon="10.544070" lat="46.252870"/><trkpt lon="10.544150" lat="46.253000"/><trkpt lon="10.544090" lat="46.253150"/><trkpt lon="10.543920" lat="46.253220"/><trkpt lon="10.543330" lat="46.253210"/><trkpt lon="10.542520" lat="46.253210"/><trkpt lon="10.541730" lat="46.253320"/><trkpt lon="10.541400" lat="46.253320"/><trkpt lon="10.540960" lat="46.253160"/><trkpt lon="10.540770" lat="46.253170"/><trkpt lon="10.540700" lat="46.253270"/><trkpt lon="10.540770" lat="46.253390"/><trkpt lon="10.541420" lat="46.253560"/><trkpt lon="10.541750" lat="46.253660"/><trkpt lon="10.542480" lat="46.253870"/><trkpt lon="10.542730" lat="46.253900"/><trkpt lon="10.543170" lat="46.253770"/><trkpt lon="10.543410" lat="46.253740"/><trkpt lon="10.543720" lat="46.253820"/><trkpt lon="10.544070" lat="46.254100"/><trkpt lon="10.544340" lat="46.254220"/><trkpt lon="10.544970" lat="46.254290"/><trkpt lon="10.545310" lat="46.254300"/><trkpt lon="10.545710" lat="46.254520"/><trkpt lon="10.546050" lat="46.254650"/><trkpt lon="10.546450" lat="46.254580"/><trkpt lon="10.546820" lat="46.254560"/><trkpt lon="10.549940" lat="46.254840"/><trkpt lon="10.551210" lat="46.254580"/><trkpt lon="10.551610" lat="46.254550"/><trkpt lon="10.552670" lat="46.254640"/><trkpt lon="10.553410" lat="46.254700"/><trkpt lon="10.553630" lat="46.254800"/><trkpt lon="10.554050" lat="46.255140"/><trkpt lon="10.554350" lat="46.255610"/><trkpt lon="10.554540" lat="46.255770"/><trkpt lon="10.554930" lat="46.255950"/><trkpt lon="10.556830" lat="46.256420"/><trkpt lon="10.557650" lat="46.256590"/><trkpt lon="10.559010" lat="46.256730"/><trkpt lon="10.560450" lat="46.256710"/><trkpt lon="10.560890" lat="46.256740"/><trkpt lon="10.561550" lat="46.256930"/><trkpt lon="10.562930" lat="46.257380"/><trkpt lon="10.563110" lat="46.257350"/><trkpt lon="10.563310" lat="46.257220"/><trkpt lon="10.563370" lat="46.257120"/><trkpt lon="10.563360" lat="46.256940"/><trkpt lon="10.563170" lat="46.256750"/><trkpt lon="10.562550" lat="46.256450"/><trkpt lon="10.562380" lat="46.256290"/><trkpt lon="10.562340" lat="46.256130"/><trkpt lon="10.562440" lat="46.255950"/><trkpt lon="10.562980" lat="46.255600"/><trkpt lon="10.563710" lat="46.255310"/><trkpt lon="10.564470" lat="46.255140"/><trkpt lon="10.564980" lat="46.255090"/><trkpt lon="10.565450" lat="46.255110"/><trkpt lon="10.565830" lat="46.255250"/><trkpt lon="10.566590" lat="46.255780"/><trkpt lon="10.567220" lat="46.256180"/><trkpt lon="10.567860" lat="46.256490"/><trkpt lon="10.568900" lat="46.256800"/><trkpt lon="10.570080" lat="46.256940"/><trkpt lon="10.570680" lat="46.257060"/><trkpt lon="10.571180" lat="46.257150"/><trkpt lon="10.571590" lat="46.257150"/><trkpt lon="10.572310" lat="46.257110"/><trkpt lon="10.574570" lat="46.257290"/><trkpt lon="10.581320" lat="46.257940"/><trkpt lon="10.581850" lat="46.258010"/><trkpt lon="10.583780" lat="46.258880"/><trkpt lon="10.584730" lat="46.259350"/><trkpt lon="10.585680" lat="46.259750"/><trkpt lon="10.587520" lat="46.260260"/><trkpt lon="10.588670" lat="46.260520"/><trkpt lon="10.589320" lat="46.260590"/><trkpt lon="10.592190" lat="46.260750"/><trkpt lon="10.592560" lat="46.260870"/><trkpt lon="10.592810" lat="46.261070"/><trkpt lon="10.592960" lat="46.261510"/><trkpt lon="10.593090" lat="46.261720"/><trkpt lon="10.593250" lat="46.261810"/><trkpt lon="10.593490" lat="46.261860"/><trkpt lon="10.593730" lat="46.261850"/><trkpt lon="10.593920" lat="46.261760"/><trkpt lon="10.594470" lat="46.261300"/><trkpt lon="10.594750" lat="46.261150"/><trkpt lon="10.595490" lat="46.260950"/><trkpt lon="10.595750" lat="46.260970"/><trkpt lon="10.596050" lat="46.261090"/><trkpt lon="10.596510" lat="46.261340"/><trkpt lon="10.596710" lat="46.261380"/><trkpt lon="10.597020" lat="46.261340"/><trkpt lon="10.597940" lat="46.260960"/><trkpt lon="10.598160" lat="46.260940"/><trkpt lon="10.598600" lat="46.261060"/><trkpt lon="10.598920" lat="46.261100"/><trkpt lon="10.600050" lat="46.260930"/><trkpt lon="10.600310" lat="46.260950"/><trkpt lon="10.600620" lat="46.261100"/><trkpt lon="10.600890" lat="46.261150"/><trkpt lon="10.605540" lat="46.260420"/><trkpt lon="10.606040" lat="46.260390"/><trkpt lon="10.607370" lat="46.260440"/><trkpt lon="10.607740" lat="46.260520"/><trkpt lon="10.608140" lat="46.260710"/><trkpt lon="10.609070" lat="46.261270"/><trkpt lon="10.609720" lat="46.261400"/><trkpt lon="10.610050" lat="46.261540"/><trkpt lon="10.610840" lat="46.261990"/><trkpt lon="10.611040" lat="46.262150"/><trkpt lon="10.611660" lat="46.263160"/><trkpt lon="10.611910" lat="46.264230"/><trkpt lon="10.612070" lat="46.264420"/><trkpt lon="10.612380" lat="46.264610"/><trkpt lon="10.613950" lat="46.265080"/><trkpt lon="10.614790" lat="46.265400"/><trkpt lon="10.615010" lat="46.265520"/><trkpt lon="10.615050" lat="46.265680"/><trkpt lon="10.614940" lat="46.265820"/><trkpt lon="10.614630" lat="46.266090"/><trkpt lon="10.614580" lat="46.266270"/><trkpt lon="10.614670" lat="46.266440"/><trkpt lon="10.615130" lat="46.266830"/><trkpt lon="10.615190" lat="46.266980"/><trkpt lon="10.614920" lat="46.267210"/><trkpt lon="10.614910" lat="46.267340"/><trkpt lon="10.614990" lat="46.267450"/><trkpt lon="10.615250" lat="46.267670"/><trkpt lon="10.615260" lat="46.267790"/><trkpt lon="10.615010" lat="46.268340"/><trkpt lon="10.615160" lat="46.268520"/><trkpt lon="10.615440" lat="46.268530"/><trkpt lon="10.616290" lat="46.268210"/><trkpt lon="10.616790" lat="46.268110"/><trkpt lon="10.617230" lat="46.268060"/><trkpt lon="10.618140" lat="46.267860"/><trkpt lon="10.618460" lat="46.267920"/><trkpt lon="10.618600" lat="46.267920"/><trkpt lon="10.618830" lat="46.267830"/><trkpt lon="10.619040" lat="46.267770"/><trkpt lon="10.619700" lat="46.267780"/><trkpt lon="10.619840" lat="46.267850"/><trkpt lon="10.619990" lat="46.268350"/><trkpt lon="10.619950" lat="46.268480"/><trkpt lon="10.619680" lat="46.268680"/><trkpt lon="10.619610" lat="46.268790"/><trkpt lon="10.619610" lat="46.268970"/><trkpt lon="10.619490" lat="46.269160"/><trkpt lon="10.619470" lat="46.269280"/><trkpt lon="10.619570" lat="46.269730"/><trkpt lon="10.619820" lat="46.269800"/><trkpt lon="10.621930" lat="46.269160"/><trkpt lon="10.622170" lat="46.269140"/><trkpt lon="10.622880" lat="46.269300"/><trkpt lon="10.623030" lat="46.269380"/><trkpt lon="10.623190" lat="46.269670"/><trkpt lon="10.623360" lat="46.269770"/><trkpt lon="10.624420" lat="46.270060"/><trkpt lon="10.625670" lat="46.270650"/><trkpt lon="10.627060" lat="46.271640"/><trkpt lon="10.627500" lat="46.271790"/><trkpt lon="10.627730" lat="46.271910"/><trkpt lon="10.628040" lat="46.272230"/><trkpt lon="10.628340" lat="46.272620"/><trkpt lon="10.628550" lat="46.272710"/><trkpt lon="10.629020" lat="46.272800"/><trkpt lon="10.629340" lat="46.272950"/><trkpt lon="10.630810" lat="46.274080"/><trkpt lon="10.631080" lat="46.274240"/><trkpt lon="10.631410" lat="46.274360"/><trkpt lon="10.633230" lat="46.275340"/><trkpt lon="10.634430" lat="46.276000"/><trkpt lon="10.636470" lat="46.277120"/><trkpt lon="10.636730" lat="46.277290"/><trkpt lon="10.636910" lat="46.277460"/><trkpt lon="10.637170" lat="46.277630"/><trkpt lon="10.637610" lat="46.277830"/><trkpt lon="10.638240" lat="46.278380"/><trkpt lon="10.638640" lat="46.278660"/><trkpt lon="10.638930" lat="46.278770"/><trkpt lon="10.639310" lat="46.278810"/><trkpt lon="10.639790" lat="46.278840"/><trkpt lon="10.640100" lat="46.278910"/><trkpt lon="10.640400" lat="46.279100"/><trkpt lon="10.640740" lat="46.279500"/><trkpt lon="10.640930" lat="46.279590"/><trkpt lon="10.641190" lat="46.279630"/><trkpt lon="10.641560" lat="46.279640"/><trkpt lon="10.641760" lat="46.279750"/><trkpt lon="10.642040" lat="46.280020"/><trkpt lon="10.642210" lat="46.280050"/><trkpt lon="10.642330" lat="46.280020"/><trkpt lon="10.642440" lat="46.279910"/><trkpt lon="10.642540" lat="46.279590"/><trkpt lon="10.642910" lat="46.279280"/><trkpt lon="10.643110" lat="46.279260"/><trkpt lon="10.643430" lat="46.279310"/><trkpt lon="10.643590" lat="46.279410"/><trkpt lon="10.643820" lat="46.279640"/><trkpt lon="10.644050" lat="46.279730"/><trkpt lon="10.644680" lat="46.279810"/><trkpt lon="10.645080" lat="46.279720"/><trkpt lon="10.645240" lat="46.279710"/><trkpt lon="10.645500" lat="46.279810"/><trkpt lon="10.646090" lat="46.279910"/><trkpt lon="10.646650" lat="46.279940"/><trkpt lon="10.647120" lat="46.279880"/><trkpt lon="10.647480" lat="46.280020"/><trkpt lon="10.649800" lat="46.280300"/><trkpt lon="10.650250" lat="46.280290"/><trkpt lon="10.650730" lat="46.280220"/><trkpt lon="10.650970" lat="46.280260"/><trkpt lon="10.651330" lat="46.280420"/><trkpt lon="10.651720" lat="46.280450"/><trkpt lon="10.651860" lat="46.280490"/><trkpt lon="10.652240" lat="46.280660"/><trkpt lon="10.652700" lat="46.280690"/><trkpt lon="10.652910" lat="46.280740"/><trkpt lon="10.653240" lat="46.281020"/><trkpt lon="10.653440" lat="46.281130"/><trkpt lon="10.653730" lat="46.281130"/><trkpt lon="10.654110" lat="46.281090"/><trkpt lon="10.654730" lat="46.281220"/><trkpt lon="10.654910" lat="46.281310"/><trkpt lon="10.655030" lat="46.281670"/><trkpt lon="10.655220" lat="46.282120"/><trkpt lon="10.655540" lat="46.282220"/><trkpt lon="10.656480" lat="46.282050"/><trkpt lon="10.656880" lat="46.282080"/><trkpt lon="10.657670" lat="46.282350"/><trkpt lon="10.657870" lat="46.282540"/><trkpt lon="10.657800" lat="46.283360"/><trkpt lon="10.657870" lat="46.283490"/><trkpt lon="10.658050" lat="46.283580"/><trkpt lon="10.658770" lat="46.283660"/><trkpt lon="10.659260" lat="46.283620"/><trkpt lon="10.659680" lat="46.283630"/><trkpt lon="10.660160" lat="46.283750"/><trkpt lon="10.661180" lat="46.284320"/><trkpt lon="10.661280" lat="46.284460"/><trkpt lon="10.661230" lat="46.284690"/><trkpt lon="10.661280" lat="46.284810"/><trkpt lon="10.661420" lat="46.284880"/><trkpt lon="10.661790" lat="46.284910"/><trkpt lon="10.661980" lat="46.284960"/><trkpt lon="10.662790" lat="46.285370"/><trkpt lon="10.663050" lat="46.285550"/><trkpt lon="10.663270" lat="46.285750"/><trkpt lon="10.664480" lat="46.286240"/><trkpt lon="10.664640" lat="46.286380"/><trkpt lon="10.664640" lat="46.286720"/><trkpt lon="10.664690" lat="46.286880"/><trkpt lon="10.664840" lat="46.286960"/><trkpt lon="10.665500" lat="46.287010"/><trkpt lon="10.665730" lat="46.287060"/><trkpt lon="10.665970" lat="46.287170"/><trkpt lon="10.666660" lat="46.287620"/><trkpt lon="10.666810" lat="46.287880"/><trkpt lon="10.666970" lat="46.288010"/><trkpt lon="10.667180" lat="46.288090"/><trkpt lon="10.667880" lat="46.288210"/><trkpt lon="10.668230" lat="46.288320"/><trkpt lon="10.668470" lat="46.288610"/><trkpt lon="10.668610" lat="46.288720"/><trkpt lon="10.668810" lat="46.288750"/><trkpt lon="10.669380" lat="46.288830"/><trkpt lon="10.671120" lat="46.289670"/><trkpt lon="10.672360" lat="46.289970"/><trkpt lon="10.672660" lat="46.290100"/><trkpt lon="10.672860" lat="46.290370"/><trkpt lon="10.673160" lat="46.290530"/><trkpt lon="10.673510" lat="46.290540"/><trkpt lon="10.674540" lat="46.290760"/><trkpt lon="10.674800" lat="46.290880"/><trkpt lon="10.675010" lat="46.291040"/><trkpt lon="10.675790" lat="46.291180"/><trkpt lon="10.677500" lat="46.291710"/><trkpt lon="10.678650" lat="46.292220"/><trkpt lon="10.678910" lat="46.292500"/><trkpt lon="10.679120" lat="46.292610"/><trkpt lon="10.680120" lat="46.292910"/><trkpt lon="10.680410" lat="46.293130"/><trkpt lon="10.680710" lat="46.293400"/><trkpt lon="10.680990" lat="46.293470"/><trkpt lon="10.681310" lat="46.293510"/><trkpt lon="10.681440" lat="46.293620"/><trkpt lon="10.681580" lat="46.293850"/><trkpt lon="10.681780" lat="46.293900"/><trkpt lon="10.682320" lat="46.293890"/><trkpt lon="10.683490" lat="46.294390"/><trkpt lon="10.683860" lat="46.294500"/><trkpt lon="10.685470" lat="46.294510"/><trkpt lon="10.685960" lat="46.294620"/><trkpt lon="10.686320" lat="46.294830"/><trkpt lon="10.686730" lat="46.295380"/><trkpt lon="10.686940" lat="46.295520"/><trkpt lon="10.687700" lat="46.295880"/><trkpt lon="10.688400" lat="46.296430"/><trkpt lon="10.688730" lat="46.296580"/><trkpt lon="10.690130" lat="46.297110"/><trkpt lon="10.690590" lat="46.297260"/><trkpt lon="10.690990" lat="46.297260"/><trkpt lon="10.691200" lat="46.297220"/><trkpt lon="10.691510" lat="46.297110"/><trkpt lon="10.692080" lat="46.296880"/><trkpt lon="10.692490" lat="46.296840"/><trkpt lon="10.694100" lat="46.297000"/><trkpt lon="10.695230" lat="46.297280"/><trkpt lon="10.696530" lat="46.297970"/><trkpt lon="10.697990" lat="46.299200"/><trkpt lon="10.699110" lat="46.299530"/><trkpt lon="10.700580" lat="46.299420"/><trkpt lon="10.701070" lat="46.299410"/><trkpt lon="10.701420" lat="46.299620"/><trkpt lon="10.701600" lat="46.299690"/><trkpt lon="10.701740" lat="46.299680"/><trkpt lon="10.702290" lat="46.299500"/><trkpt lon="10.702500" lat="46.299470"/><trkpt lon="10.703590" lat="46.299900"/><trkpt lon="10.705440" lat="46.300600"/><trkpt lon="10.708630" lat="46.301420"/><trkpt lon="10.710270" lat="46.301930"/><trkpt lon="10.712830" lat="46.303360"/><trkpt lon="10.717080" lat="46.304100"/><trkpt lon="10.720790" lat="46.305290"/><trkpt lon="10.723980" lat="46.306960"/><trkpt lon="10.725120" lat="46.307360"/><trkpt lon="10.725720" lat="46.307610"/><trkpt lon="10.726330" lat="46.307630"/><trkpt lon="10.727040" lat="46.307630"/><trkpt lon="10.728000" lat="46.308070"/><trkpt lon="10.728620" lat="46.308180"/><trkpt lon="10.729200" lat="46.308360"/><trkpt lon="10.729610" lat="46.308840"/><trkpt lon="10.729580" lat="46.309130"/><trkpt lon="10.729720" lat="46.309860"/><trkpt lon="10.729930" lat="46.310170"/><trkpt lon="10.730300" lat="46.310390"/><trkpt lon="10.731570" lat="46.310890"/><trkpt lon="10.734750" lat="46.312000"/><trkpt lon="10.737250" lat="46.312880"/><trkpt lon="10.737520" lat="46.312910"/><trkpt lon="10.737840" lat="46.312860"/><trkpt lon="10.738960" lat="46.312300"/><trkpt lon="10.739810" lat="46.312000"/><trkpt lon="10.741280" lat="46.311800"/><trkpt lon="10.743020" lat="46.311180"/><trkpt lon="10.743750" lat="46.310820"/><trkpt lon="10.744070" lat="46.310700"/><trkpt lon="10.744420" lat="46.310700"/><trkpt lon="10.744990" lat="46.310730"/><trkpt lon="10.746140" lat="46.310640"/><trkpt lon="10.746720" lat="46.310610"/><trkpt lon="10.747570" lat="46.310670"/><trkpt lon="10.748220" lat="46.310820"/><trkpt lon="10.749320" lat="46.311270"/><trkpt lon="10.750090" lat="46.311410"/><trkpt lon="10.753240" lat="46.311460"/><trkpt lon="10.753950" lat="46.311440"/><trkpt lon="10.756120" lat="46.311190"/><trkpt lon="10.756670" lat="46.311180"/><trkpt lon="10.760130" lat="46.311550"/><trkpt lon="10.760920" lat="46.311680"/><trkpt lon="10.761290" lat="46.311810"/><trkpt lon="10.762320" lat="46.312160"/><trkpt lon="10.762830" lat="46.312230"/><trkpt lon="10.763310" lat="46.312210"/><trkpt lon="10.764080" lat="46.312130"/><trkpt lon="10.764830" lat="46.312140"/><trkpt lon="10.767160" lat="46.312050"/><trkpt lon="10.767720" lat="46.312100"/><trkpt lon="10.769170" lat="46.312520"/><trkpt lon="10.769790" lat="46.312670"/><trkpt lon="10.770440" lat="46.312710"/><trkpt lon="10.771150" lat="46.312650"/><trkpt lon="10.774000" lat="46.311920"/><trkpt lon="10.774750" lat="46.311910"/><trkpt lon="10.775240" lat="46.311990"/><trkpt lon="10.777380" lat="46.312840"/><trkpt lon="10.777780" lat="46.313070"/><trkpt lon="10.780040" lat="46.315310"/><trkpt lon="10.780450" lat="46.315630"/><trkpt lon="10.781080" lat="46.315930"/><trkpt lon="10.781720" lat="46.316110"/><trkpt lon="10.782070" lat="46.316160"/><trkpt lon="10.782600" lat="46.316180"/><trkpt lon="10.784140" lat="46.316100"/><trkpt lon="10.784790" lat="46.316030"/><trkpt lon="10.785430" lat="46.315860"/><trkpt lon="10.785860" lat="46.315650"/><trkpt lon="10.786270" lat="46.315410"/><trkpt lon="10.786780" lat="46.315230"/><trkpt lon="10.787260" lat="46.315150"/><trkpt lon="10.788330" lat="46.315160"/><trkpt lon="10.789190" lat="46.315250"/><trkpt lon="10.789920" lat="46.315450"/><trkpt lon="10.790930" lat="46.315870"/><trkpt lon="10.791570" lat="46.316060"/><trkpt lon="10.792580" lat="46.316210"/><trkpt lon="10.793000" lat="46.316320"/><trkpt lon="10.794010" lat="46.316760"/><trkpt lon="10.794780" lat="46.317120"/><trkpt lon="10.795270" lat="46.317280"/><trkpt lon="10.795720" lat="46.317350"/><trkpt lon="10.796720" lat="46.317360"/><trkpt lon="10.797220" lat="46.317310"/><trkpt lon="10.797710" lat="46.317160"/><trkpt lon="10.797990" lat="46.317040"/><trkpt lon="10.799200" lat="46.316170"/><trkpt lon="10.799820" lat="46.315850"/><trkpt lon="10.800470" lat="46.315670"/><trkpt lon="10.800910" lat="46.315640"/><trkpt lon="10.802090" lat="46.315750"/><trkpt lon="10.803910" lat="46.315900"/><trkpt lon="10.804810" lat="46.316140"/><trkpt lon="10.805300" lat="46.316330"/><trkpt lon="10.806000" lat="46.316750"/><trkpt lon="10.807400" lat="46.317610"/><trkpt lon="10.808700" lat="46.318070"/><trkpt lon="10.809060" lat="46.318040"/><trkpt lon="10.809160" lat="46.318020"/><trkpt lon="10.809260" lat="46.318050"/><trkpt lon="10.809330" lat="46.318120"/><trkpt lon="10.810160" lat="46.318380"/><trkpt lon="10.811310" lat="46.318850"/><trkpt lon="10.812200" lat="46.319070"/><trkpt lon="10.813470" lat="46.319170"/><trkpt lon="10.814300" lat="46.319430"/><trkpt lon="10.814870" lat="46.319660"/><trkpt lon="10.815510" lat="46.319790"/><trkpt lon="10.817610" lat="46.319740"/><trkpt lon="10.818310" lat="46.319890"/><trkpt lon="10.820340" lat="46.320190"/><trkpt lon="10.821960" lat="46.320550"/><trkpt lon="10.822950" lat="46.320590"/><trkpt lon="10.823880" lat="46.320440"/><trkpt lon="10.824880" lat="46.319970"/><trkpt lon="10.826130" lat="46.319190"/><trkpt lon="10.827200" lat="46.318940"/><trkpt lon="10.828510" lat="46.318990"/><trkpt lon="10.832550" lat="46.319650"/><trkpt lon="10.834660" lat="46.320340"/><trkpt lon="10.836670" lat="46.320970"/><trkpt lon="10.837740" lat="46.321020"/><trkpt lon="10.840120" lat="46.320820"/><trkpt lon="10.843880" lat="46.320960"/><trkpt lon="10.845040" lat="46.321210"/><trkpt lon="10.846620" lat="46.321990"/><trkpt lon="10.849470" lat="46.323510"/><trkpt lon="10.850620" lat="46.323760"/><trkpt lon="10.851890" lat="46.323660"/><trkpt lon="10.852720" lat="46.323580"/><trkpt lon="10.853380" lat="46.323620"/><trkpt lon="10.854910" lat="46.323790"/><trkpt lon="10.858330" lat="46.323800"/><trkpt lon="10.859200" lat="46.323950"/><trkpt lon="10.860090" lat="46.324460"/><trkpt lon="10.861480" lat="46.325580"/><trkpt lon="10.863200" lat="46.326780"/><trkpt lon="10.864200" lat="46.327180"/><trkpt lon="10.865380" lat="46.327430"/><trkpt lon="10.868110" lat="46.327390"/><trkpt lon="10.868890" lat="46.327440"/><trkpt lon="10.869480" lat="46.327590"/><trkpt lon="10.870960" lat="46.328170"/><trkpt lon="10.871160" lat="46.328190"/><trkpt lon="10.871380" lat="46.328010"/><trkpt lon="10.871450" lat="46.327940"/><trkpt lon="10.871560" lat="46.327910"/><trkpt lon="10.871700" lat="46.327920"/><trkpt lon="10.871810" lat="46.327970"/><trkpt lon="10.872040" lat="46.328160"/><trkpt lon="10.872400" lat="46.328170"/><trkpt lon="10.873440" lat="46.327760"/><trkpt lon="10.874250" lat="46.327490"/><trkpt lon="10.874990" lat="46.327500"/><trkpt lon="10.875650" lat="46.327680"/><trkpt lon="10.876270" lat="46.327950"/><trkpt lon="10.876780" lat="46.328410"/><trkpt lon="10.877780" lat="46.329720"/><trkpt lon="10.878470" lat="46.330590"/><trkpt lon="10.878850" lat="46.330860"/><trkpt lon="10.879130" lat="46.330990"/><trkpt lon="10.879600" lat="46.331110"/><trkpt lon="10.883960" lat="46.331750"/><trkpt lon="10.885330" lat="46.332050"/><trkpt lon="10.885960" lat="46.332270"/><trkpt lon="10.888940" lat="46.333440"/><trkpt lon="10.890730" lat="46.334200"/><trkpt lon="10.891790" lat="46.334830"/><trkpt lon="10.896710" lat="46.338320"/><trkpt lon="10.898600" lat="46.339530"/><trkpt lon="10.902390" lat="46.341250"/><trkpt lon="10.903840" lat="46.341990"/><trkpt lon="10.905580" lat="46.343090"/><trkpt lon="10.906980" lat="46.344180"/><trkpt lon="10.908590" lat="46.345690"/><trkpt lon="10.909610" lat="46.346490"/><trkpt lon="10.910940" lat="46.347380"/><trkpt lon="10.916700" lat="46.350640"/><trkpt lon="10.921100" lat="46.353650"/><trkpt lon="10.922760" lat="46.354900"/><trkpt lon="10.925530" lat="46.356770"/><trkpt lon="10.928620" lat="46.358950"/><trkpt lon="10.931380" lat="46.360420"/><trkpt lon="10.931830" lat="46.360730"/><trkpt lon="10.934400" lat="46.363660"/><trkpt lon="10.935140" lat="46.364250"/><trkpt lon="10.936490" lat="46.364830"/><trkpt lon="10.936860" lat="46.364920"/><trkpt lon="10.936960" lat="46.364930"/><trkpt lon="10.937070" lat="46.365000"/><trkpt lon="10.937380" lat="46.365100"/><trkpt lon="10.939980" lat="46.365900"/><trkpt lon="10.945950" lat="46.366450"/><trkpt lon="10.946640" lat="46.366570"/><trkpt lon="10.947710" lat="46.366890"/><trkpt lon="10.948130" lat="46.367240"/><trkpt lon="10.948260" lat="46.367730"/><trkpt lon="10.948280" lat="46.368370"/><trkpt lon="10.948560" lat="46.368770"/><trkpt lon="10.950970" lat="46.370750"/><trkpt lon="10.952020" lat="46.371480"/><trkpt lon="10.953250" lat="46.372100"/><trkpt lon="10.954110" lat="46.372510"/><trkpt lon="10.954790" lat="46.373090"/><trkpt lon="10.955420" lat="46.373500"/><trkpt lon="10.956000" lat="46.373770"/><trkpt lon="10.956870" lat="46.374050"/><trkpt lon="10.958250" lat="46.374280"/><trkpt lon="10.959090" lat="46.374350"/><trkpt lon="10.959490" lat="46.374340"/><trkpt lon="10.959720" lat="46.374450"/><trkpt lon="10.959860" lat="46.374630"/><trkpt lon="10.959840" lat="46.374980"/><trkpt lon="10.960070" lat="46.375440"/><trkpt lon="10.960990" lat="46.375850"/><trkpt lon="10.962640" lat="46.376420"/><trkpt lon="10.964220" lat="46.377070"/><trkpt lon="10.965660" lat="46.377650"/><trkpt lon="10.966470" lat="46.377770"/><trkpt lon="10.967050" lat="46.377940"/><trkpt lon="10.967540" lat="46.378330"/><trkpt lon="10.967920" lat="46.379550"/><trkpt lon="10.967990" lat="46.379950"/><trkpt lon="10.968390" lat="46.380450"/><trkpt lon="10.969390" lat="46.381140"/><trkpt lon="10.971840" lat="46.382480"/><trkpt lon="10.972680" lat="46.382860"/><trkpt lon="10.973130" lat="46.382910"/><trkpt lon="10.973790" lat="46.382820"/><trkpt lon="10.974210" lat="46.382910"/><trkpt lon="10.974520" lat="46.383060"/><trkpt lon="10.974800" lat="46.383030"/><trkpt lon="10.975150" lat="46.382900"/><trkpt lon="10.975640" lat="46.382920"/><trkpt lon="10.975980" lat="46.383050"/><trkpt lon="10.976850" lat="46.383660"/><trkpt lon="10.976890" lat="46.384030"/><trkpt lon="10.976940" lat="46.384240"/><trkpt lon="10.977120" lat="46.384440"/><trkpt lon="10.978870" lat="46.386070"/><trkpt lon="10.979110" lat="46.386240"/><trkpt lon="10.979950" lat="46.386450"/><trkpt lon="10.980440" lat="46.386610"/><trkpt lon="10.981740" lat="46.387160"/><trkpt lon="10.983920" lat="46.387750"/><trkpt lon="10.985100" lat="46.387910"/><trkpt lon="10.985530" lat="46.388050"/><trkpt lon="10.986010" lat="46.388300"/><trkpt lon="10.986970" lat="46.388480"/><trkpt lon="10.987370" lat="46.388580"/><trkpt lon="10.988240" lat="46.388630"/><trkpt lon="10.988940" lat="46.388820"/><trkpt lon="10.989330" lat="46.388990"/><trkpt lon="10.989800" lat="46.389270"/><trkpt lon="10.990200" lat="46.389390"/><trkpt lon="10.991180" lat="46.389510"/><trkpt lon="10.992130" lat="46.389680"/><trkpt lon="10.992680" lat="46.389960"/><trkpt lon="10.993730" lat="46.390290"/><trkpt lon="10.995310" lat="46.390920"/><trkpt lon="10.998700" lat="46.392240"/><trkpt lon="10.999070" lat="46.392530"/><trkpt lon="10.999570" lat="46.393050"/><trkpt lon="11.000200" lat="46.393550"/><trkpt lon="11.000680" lat="46.393750"/><trkpt lon="11.001310" lat="46.393950"/><trkpt lon="11.001780" lat="46.394290"/><trkpt lon="11.002270" lat="46.394540"/><trkpt lon="11.003260" lat="46.394760"/><trkpt lon="11.003860" lat="46.394800"/><trkpt lon="11.004420" lat="46.394670"/><trkpt lon="11.004880" lat="46.394610"/><trkpt lon="11.005980" lat="46.394630"/><trkpt lon="11.007270" lat="46.394900"/><trkpt lon="11.007960" lat="46.394960"/><trkpt lon="11.008360" lat="46.394910"/><trkpt lon="11.009610" lat="46.394610"/><trkpt lon="11.010420" lat="46.394300"/><trkpt lon="11.011210" lat="46.393970"/><trkpt lon="11.011660" lat="46.393870"/><trkpt lon="11.012850" lat="46.393640"/><trkpt lon="11.013240" lat="46.393670"/><trkpt lon="11.013300" lat="46.393750"/><trkpt lon="11.013310" lat="46.393970"/><trkpt lon="11.013410" lat="46.394110"/><trkpt lon="11.013630" lat="46.394260"/><trkpt lon="11.013910" lat="46.394460"/><trkpt lon="11.014180" lat="46.394920"/><trkpt lon="11.014220" lat="46.395210"/><trkpt lon="11.014290" lat="46.395620"/><trkpt lon="11.014440" lat="46.396000"/><trkpt lon="11.014170" lat="46.396350"/><trkpt lon="11.013920" lat="46.396530"/><trkpt lon="11.012630" lat="46.397130"/><trkpt lon="11.012230" lat="46.397520"/><trkpt lon="11.011730" lat="46.397740"/><trkpt lon="11.010870" lat="46.398540"/><trkpt lon="11.010450" lat="46.398840"/><trkpt lon="11.009850" lat="46.399320"/><trkpt lon="11.009640" lat="46.399630"/><trkpt lon="11.009670" lat="46.399740"/><trkpt lon="11.009820" lat="46.399820"/><trkpt lon="11.010140" lat="46.399900"/><trkpt lon="11.011660" lat="46.399490"/><trkpt lon="11.012760" lat="46.399220"/><trkpt lon="11.013970" lat="46.398670"/><trkpt lon="11.014380" lat="46.398550"/><trkpt lon="11.014780" lat="46.398480"/><trkpt lon="11.015090" lat="46.398370"/><trkpt lon="11.015630" lat="46.398430"/><trkpt lon="11.016020" lat="46.398470"/><trkpt lon="11.016130" lat="46.398580"/><trkpt lon="11.016190" lat="46.398920"/><trkpt lon="11.016310" lat="46.399020"/><trkpt lon="11.016540" lat="46.398970"/><trkpt lon="11.016980" lat="46.398690"/><trkpt lon="11.017080" lat="46.398570"/><trkpt lon="11.017100" lat="46.398260"/><trkpt lon="11.017310" lat="46.397960"/><trkpt lon="11.017320" lat="46.397450"/><trkpt lon="11.017410" lat="46.397140"/><trkpt lon="11.017720" lat="46.396910"/><trkpt lon="11.018310" lat="46.396850"/><trkpt lon="11.018630" lat="46.396790"/><trkpt lon="11.018830" lat="46.396560"/><trkpt lon="11.019020" lat="46.396100"/><trkpt lon="11.019470" lat="46.396020"/><trkpt lon="11.019690" lat="46.395940"/><trkpt lon="11.019900" lat="46.395750"/><trkpt lon="11.020200" lat="46.395570"/><trkpt lon="11.020840" lat="46.395430"/><trkpt lon="11.021230" lat="46.395210"/><trkpt lon="11.021920" lat="46.394670"/><trkpt lon="11.022170" lat="46.394270"/><trkpt lon="11.022220" lat="46.393970"/><trkpt lon="11.022170" lat="46.393250"/><trkpt lon="11.022280" lat="46.393100"/><trkpt lon="11.024830" lat="46.392290"/><trkpt lon="11.025190" lat="46.392230"/><trkpt lon="11.025560" lat="46.392260"/><trkpt lon="11.027190" lat="46.392720"/><trkpt lon="11.027650" lat="46.392940"/><trkpt lon="11.028240" lat="46.393110"/><trkpt lon="11.028630" lat="46.393460"/><trkpt lon="11.028740" lat="46.393700"/><trkpt lon="11.028910" lat="46.393930"/><trkpt lon="11.029480" lat="46.394430"/><trkpt lon="11.029920" lat="46.394680"/><trkpt lon="11.030270" lat="46.394980"/><trkpt lon="11.030650" lat="46.395180"/><trkpt lon="11.030970" lat="46.395270"/><trkpt lon="11.031990" lat="46.395360"/><trkpt lon="11.032230" lat="46.395460"/><trkpt lon="11.032490" lat="46.395690"/><trkpt lon="11.032840" lat="46.395810"/><trkpt lon="11.033630" lat="46.395920"/><trkpt lon="11.034690" lat="46.396180"/><trkpt lon="11.035660" lat="46.395750"/><trkpt lon="11.036000" lat="46.395680"/><trkpt lon="11.036560" lat="46.395960"/><trkpt lon="11.037730" lat="46.396280"/><trkpt lon="11.037900" lat="46.396370"/><trkpt lon="11.037850" lat="46.396480"/><trkpt lon="11.037070" lat="46.396590"/><trkpt lon="11.036380" lat="46.396710"/><trkpt lon="11.036120" lat="46.396860"/><trkpt lon="11.036120" lat="46.396990"/><trkpt lon="11.036280" lat="46.397030"/><trkpt lon="11.036420" lat="46.396920"/><trkpt lon="11.036950" lat="46.396740"/><trkpt lon="11.038110" lat="46.396690"/><trkpt lon="11.038600" lat="46.396520"/><trkpt lon="11.039030" lat="46.396390"/><trkpt lon="11.039070" lat="46.396330"/><trkpt lon="11.039040" lat="46.396220"/><trkpt lon="11.038940" lat="46.396160"/><trkpt lon="11.038650" lat="46.396080"/><trkpt lon="11.037780" lat="46.395970"/><trkpt lon="11.037250" lat="46.395720"/><trkpt lon="11.036900" lat="46.395390"/><trkpt lon="11.036740" lat="46.395140"/><trkpt lon="11.036740" lat="46.394910"/><trkpt lon="11.036690" lat="46.394740"/><trkpt lon="11.036400" lat="46.394620"/><trkpt lon="11.035790" lat="46.394490"/><trkpt lon="11.035410" lat="46.394550"/><trkpt lon="11.035190" lat="46.394660"/><trkpt lon="11.034800" lat="46.394720"/><trkpt lon="11.034200" lat="46.394310"/><trkpt lon="11.033770" lat="46.394100"/><trkpt lon="11.033520" lat="46.394030"/><trkpt lon="11.033460" lat="46.393950"/><trkpt lon="11.033550" lat="46.393870"/><trkpt lon="11.033720" lat="46.393890"/><trkpt lon="11.034020" lat="46.394000"/><trkpt lon="11.034380" lat="46.394220"/><trkpt lon="11.034540" lat="46.394320"/><trkpt lon="11.034780" lat="46.394380"/><trkpt lon="11.035000" lat="46.394320"/><trkpt lon="11.035380" lat="46.394110"/><trkpt lon="11.035910" lat="46.394000"/><trkpt lon="11.036980" lat="46.394150"/><trkpt lon="11.037360" lat="46.394310"/><trkpt lon="11.037850" lat="46.394770"/><trkpt lon="11.038140" lat="46.394870"/><trkpt lon="11.039840" lat="46.394980"/><trkpt lon="11.040250" lat="46.394990"/><trkpt lon="11.040670" lat="46.395060"/><trkpt lon="11.041330" lat="46.394980"/><trkpt lon="11.041880" lat="46.394810"/><trkpt lon="11.042410" lat="46.394460"/><trkpt lon="11.043690" lat="46.393180"/><trkpt lon="11.045110" lat="46.392060"/><trkpt lon="11.045520" lat="46.391960"/><trkpt lon="11.046000" lat="46.392060"/><trkpt lon="11.047610" lat="46.392980"/><trkpt lon="11.048040" lat="46.393090"/><trkpt lon="11.049160" lat="46.393160"/><trkpt lon="11.049560" lat="46.392990"/><trkpt lon="11.049700" lat="46.392730"/><trkpt lon="11.049780" lat="46.391840"/><trkpt lon="11.049930" lat="46.391650"/><trkpt lon="11.050210" lat="46.391460"/><trkpt lon="11.051640" lat="46.391110"/><trkpt lon="11.052070" lat="46.391080"/><trkpt lon="11.052490" lat="46.391210"/><trkpt lon="11.052760" lat="46.391380"/><trkpt lon="11.053180" lat="46.391790"/><trkpt lon="11.053420" lat="46.392150"/><trkpt lon="11.053590" lat="46.392530"/><trkpt lon="11.054030" lat="46.392990"/><trkpt lon="11.054240" lat="46.393130"/><trkpt lon="11.054410" lat="46.393130"/><trkpt lon="11.054540" lat="46.393060"/><trkpt lon="11.055290" lat="46.392210"/><trkpt lon="11.055580" lat="46.392020"/><trkpt lon="11.056670" lat="46.391410"/><trkpt lon="11.057070" lat="46.391240"/><trkpt lon="11.057340" lat="46.391060"/><trkpt lon="11.057600" lat="46.391000"/><trkpt lon="11.057900" lat="46.390910"/><trkpt lon="11.058030" lat="46.390760"/><trkpt lon="11.058160" lat="46.390590"/><trkpt lon="11.058340" lat="46.390540"/><trkpt lon="11.058600" lat="46.390560"/><trkpt lon="11.061660" lat="46.391910"/><trkpt lon="11.062290" lat="46.392300"/><trkpt lon="11.062800" lat="46.392840"/><trkpt lon="11.063400" lat="46.393980"/><trkpt lon="11.063720" lat="46.394670"/><trkpt lon="11.064100" lat="46.395120"/><trkpt lon="11.064350" lat="46.395370"/><trkpt lon="11.065040" lat="46.395540"/><trkpt lon="11.065500" lat="46.395730"/><trkpt lon="11.065950" lat="46.396240"/><trkpt lon="11.066310" lat="46.396610"/><trkpt lon="11.066680" lat="46.396810"/><trkpt lon="11.067260" lat="46.397720"/><trkpt lon="11.069380" lat="46.400890"/><trkpt lon="11.069880" lat="46.401360"/><trkpt lon="11.070930" lat="46.401990"/><trkpt lon="11.074130" lat="46.403770"/><trkpt lon="11.074860" lat="46.404300"/><trkpt lon="11.075870" lat="46.405280"/><trkpt lon="11.076590" lat="46.406530"/><trkpt lon="11.076930" lat="46.407700"/><trkpt lon="11.077500" lat="46.410480"/><trkpt lon="11.077740" lat="46.410690"/><trkpt lon="11.079360" lat="46.411270"/><trkpt lon="11.079990" lat="46.411530"/><trkpt lon="11.080300" lat="46.411740"/><trkpt lon="11.080820" lat="46.412320"/><trkpt lon="11.080960" lat="46.412620"/><trkpt lon="11.080910" lat="46.412970"/><trkpt lon="11.080870" lat="46.413300"/><trkpt lon="11.080970" lat="46.413510"/><trkpt lon="11.081280" lat="46.413720"/><trkpt lon="11.081530" lat="46.413780"/><trkpt lon="11.081970" lat="46.413830"/><trkpt lon="11.082290" lat="46.413990"/><trkpt lon="11.082770" lat="46.414840"/><trkpt lon="11.083100" lat="46.415420"/><trkpt lon="11.083350" lat="46.415780"/><trkpt lon="11.084120" lat="46.416080"/><trkpt lon="11.084630" lat="46.416380"/><trkpt lon="11.084980" lat="46.416850"/><trkpt lon="11.085340" lat="46.417170"/><trkpt lon="11.085700" lat="46.417850"/><trkpt lon="11.086080" lat="46.418410"/><trkpt lon="11.086700" lat="46.419140"/><trkpt lon="11.087240" lat="46.419450"/><trkpt lon="11.087690" lat="46.419740"/><trkpt lon="11.088450" lat="46.420460"/><trkpt lon="11.088760" lat="46.420880"/><trkpt lon="11.089950" lat="46.421740"/><trkpt lon="11.092420" lat="46.423420"/><trkpt lon="11.093910" lat="46.424480"/><trkpt lon="11.094230" lat="46.424980"/><trkpt lon="11.094680" lat="46.426070"/><trkpt lon="11.095030" lat="46.426340"/><trkpt lon="11.096790" lat="46.426580"/><trkpt lon="11.097890" lat="46.426670"/><trkpt lon="11.099620" lat="46.427250"/><trkpt lon="11.101510" lat="46.428080"/><trkpt lon="11.102130" lat="46.428500"/><trkpt lon="11.102460" lat="46.428870"/><trkpt lon="11.103250" lat="46.430240"/><trkpt lon="11.103490" lat="46.430390"/><trkpt lon="11.103750" lat="46.430450"/><trkpt lon="11.104110" lat="46.430410"/><trkpt lon="11.104480" lat="46.430340"/><trkpt lon="11.104790" lat="46.430360"/><trkpt lon="11.106560" lat="46.430860"/><trkpt lon="11.107100" lat="46.430950"/><trkpt lon="11.107400" lat="46.431010"/><trkpt lon="11.107600" lat="46.431150"/><trkpt lon="11.108270" lat="46.433150"/><trkpt lon="11.108320" lat="46.433420"/><trkpt lon="11.108390" lat="46.433900"/><trkpt lon="11.108640" lat="46.434100"/><trkpt lon="11.109000" lat="46.434330"/><trkpt lon="11.109140" lat="46.434600"/><trkpt lon="11.109110" lat="46.434840"/><trkpt lon="11.108690" lat="46.435490"/><trkpt lon="11.108640" lat="46.435980"/><trkpt lon="11.108500" lat="46.436230"/><trkpt lon="11.108330" lat="46.436480"/><trkpt lon="11.107820" lat="46.437330"/><trkpt lon="11.107790" lat="46.437500"/><trkpt lon="11.107980" lat="46.437620"/><trkpt lon="11.109130" lat="46.437940"/><trkpt lon="11.109540" lat="46.437850"/><trkpt lon="11.110390" lat="46.437610"/><trkpt lon="11.110700" lat="46.437680"/><trkpt lon="11.111010" lat="46.437970"/><trkpt lon="11.111340" lat="46.438510"/><trkpt lon="11.111470" lat="46.438960"/><trkpt lon="11.111490" lat="46.439300"/><trkpt lon="11.111270" lat="46.440230"/><trkpt lon="11.111170" lat="46.440450"/><trkpt lon="11.110730" lat="46.440770"/><trkpt lon="11.110700" lat="46.440940"/><trkpt lon="11.111050" lat="46.441070"/><trkpt lon="11.111670" lat="46.441290"/><trkpt lon="11.112210" lat="46.441630"/><trkpt lon="11.112500" lat="46.441770"/><trkpt lon="11.113530" lat="46.441960"/><trkpt lon="11.113760" lat="46.441870"/><trkpt lon="11.114050" lat="46.441620"/><trkpt lon="11.114420" lat="46.441550"/><trkpt lon="11.116090" lat="46.442120"/><trkpt lon="11.117330" lat="46.442570"/><trkpt lon="11.117650" lat="46.442870"/><trkpt lon="11.117800" lat="46.443160"/><trkpt lon="11.117750" lat="46.443460"/><trkpt lon="11.117050" lat="46.444340"/><trkpt lon="11.116760" lat="46.444630"/><trkpt lon="11.116790" lat="46.445000"/><trkpt lon="11.117060" lat="46.445330"/><trkpt lon="11.117450" lat="46.445550"/><trkpt lon="11.118090" lat="46.445630"/><trkpt lon="11.118940" lat="46.445680"/><trkpt lon="11.119160" lat="46.445860"/><trkpt lon="11.119220" lat="46.446310"/><trkpt lon="11.119350" lat="46.446560"/><trkpt lon="11.119830" lat="46.446750"/><trkpt lon="11.120010" lat="46.446760"/><trkpt lon="11.120270" lat="46.446580"/><trkpt lon="11.120250" lat="46.446470"/><trkpt lon="11.120160" lat="46.446270"/><trkpt lon="11.120400" lat="46.445740"/><trkpt lon="11.120490" lat="46.445640"/><trkpt lon="11.120740" lat="46.445420"/><trkpt lon="11.120850" lat="46.445040"/><trkpt lon="11.120960" lat="46.444850"/><trkpt lon="11.121260" lat="46.444720"/><trkpt lon="11.121490" lat="46.444660"/><trkpt lon="11.121720" lat="46.444440"/><trkpt lon="11.121740" lat="46.444290"/><trkpt lon="11.121650" lat="46.444030"/><trkpt lon="11.121640" lat="46.443780"/><trkpt lon="11.121900" lat="46.443460"/><trkpt lon="11.122120" lat="46.443260"/><trkpt lon="11.122360" lat="46.443170"/><trkpt lon="11.123270" lat="46.443090"/><trkpt lon="11.123650" lat="46.442980"/><trkpt lon="11.123730" lat="46.442880"/><trkpt lon="11.123760" lat="46.442720"/><trkpt lon="11.123620" lat="46.442460"/><trkpt lon="11.123540" lat="46.442150"/><trkpt lon="11.123610" lat="46.442030"/><trkpt lon="11.124620" lat="46.441130"/><trkpt lon="11.124790" lat="46.440830"/><trkpt lon="11.124660" lat="46.440640"/><trkpt lon="11.124400" lat="46.440560"/><trkpt lon="11.123270" lat="46.440640"/><trkpt lon="11.123070" lat="46.440610"/><trkpt lon="11.122960" lat="46.440480"/><trkpt lon="11.122900" lat="46.439960"/><trkpt lon="11.123130" lat="46.439320"/><trkpt lon="11.123140" lat="46.439020"/><trkpt lon="11.123050" lat="46.438600"/><trkpt lon="11.123140" lat="46.438450"/><trkpt lon="11.123460" lat="46.438210"/><trkpt lon="11.123780" lat="46.437720"/><trkpt lon="11.123960" lat="46.437540"/><trkpt lon="11.124450" lat="46.437350"/><trkpt lon="11.124690" lat="46.437240"/><trkpt lon="11.125120" lat="46.436990"/><trkpt lon="11.125310" lat="46.437010"/><trkpt lon="11.125470" lat="46.437170"/><trkpt lon="11.125510" lat="46.437590"/><trkpt lon="11.125600" lat="46.437850"/><trkpt lon="11.125880" lat="46.438140"/><trkpt lon="11.126080" lat="46.438460"/><trkpt lon="11.127180" lat="46.439430"/><trkpt lon="11.127280" lat="46.439600"/><trkpt lon="11.127290" lat="46.440050"/><trkpt lon="11.127380" lat="46.440360"/><trkpt lon="11.128140" lat="46.441260"/><trkpt lon="11.128220" lat="46.441640"/><trkpt lon="11.128230" lat="46.442090"/><trkpt lon="11.128370" lat="46.442140"/><trkpt lon="11.128500" lat="46.442100"/><trkpt lon="11.128880" lat="46.441650"/><trkpt lon="11.129150" lat="46.441450"/><trkpt lon="11.129380" lat="46.441370"/><trkpt lon="11.129630" lat="46.441360"/><trkpt lon="11.130550" lat="46.441480"/><trkpt lon="11.130990" lat="46.441470"/><trkpt lon="11.131460" lat="46.441330"/><trkpt lon="11.131950" lat="46.441100"/><trkpt lon="11.132300" lat="46.440830"/><trkpt lon="11.132470" lat="46.440650"/><trkpt lon="11.132630" lat="46.440410"/><trkpt lon="11.132880" lat="46.439610"/><trkpt lon="11.133100" lat="46.439240"/><trkpt lon="11.133520" lat="46.438870"/><trkpt lon="11.133780" lat="46.438730"/><trkpt lon="11.134020" lat="46.438670"/><trkpt lon="11.134530" lat="46.438680"/><trkpt lon="11.135000" lat="46.438830"/><trkpt lon="11.135170" lat="46.438960"/><trkpt lon="11.135530" lat="46.439260"/><trkpt lon="11.135690" lat="46.439350"/><trkpt lon="11.136130" lat="46.439450"/><trkpt lon="11.136400" lat="46.439440"/><trkpt lon="11.136520" lat="46.439390"/><trkpt lon="11.136620" lat="46.439160"/><trkpt lon="11.136620" lat="46.438990"/><trkpt lon="11.136560" lat="46.438790"/><trkpt lon="11.136880" lat="46.437710"/><trkpt lon="11.137040" lat="46.437560"/><trkpt lon="11.138090" lat="46.437130"/><trkpt lon="11.138320" lat="46.437000"/><trkpt lon="11.138730" lat="46.436480"/><trkpt lon="11.139060" lat="46.435760"/><trkpt lon="11.139520" lat="46.434480"/><trkpt lon="11.140460" lat="46.432830"/><trkpt lon="11.140610" lat="46.432490"/><trkpt lon="11.140680" lat="46.432020"/><trkpt lon="11.140350" lat="46.430980"/><trkpt lon="11.140330" lat="46.430740"/><trkpt lon="11.140410" lat="46.430530"/><trkpt lon="11.140540" lat="46.430380"/><trkpt lon="11.140870" lat="46.430080"/><trkpt lon="11.141000" lat="46.429820"/><trkpt lon="11.140960" lat="46.428940"/><trkpt lon="11.141060" lat="46.428580"/><trkpt lon="11.141440" lat="46.428060"/><trkpt lon="11.141790" lat="46.427110"/><trkpt lon="11.141930" lat="46.425680"/><trkpt lon="11.141860" lat="46.424930"/><trkpt lon="11.141440" lat="46.423790"/><trkpt lon="11.141290" lat="46.423300"/><trkpt lon="11.141250" lat="46.422330"/><trkpt lon="11.140930" lat="46.421100"/><trkpt lon="11.140910" lat="46.420050"/><trkpt lon="11.141010" lat="46.419850"/><trkpt lon="11.141340" lat="46.419590"/><trkpt lon="11.141430" lat="46.418720"/><trkpt lon="11.141530" lat="46.418490"/><trkpt lon="11.141770" lat="46.418310"/><trkpt lon="11.141890" lat="46.417980"/><trkpt lon="11.142080" lat="46.417600"/><trkpt lon="11.142370" lat="46.417170"/><trkpt lon="11.142630" lat="46.416420"/><trkpt lon="11.143040" lat="46.415710"/><trkpt lon="11.143220" lat="46.415490"/><trkpt lon="11.143290" lat="46.415290"/><trkpt lon="11.143300" lat="46.415690"/><trkpt lon="11.143450" lat="46.416330"/><trkpt lon="11.143710" lat="46.416830"/><trkpt lon="11.143970" lat="46.417100"/><trkpt lon="11.144940" lat="46.417870"/><trkpt lon="11.146050" lat="46.419140"/><trkpt lon="11.146320" lat="46.419340"/><trkpt lon="11.146810" lat="46.419850"/><trkpt lon="11.147220" lat="46.420670"/><trkpt lon="11.148220" lat="46.421790"/><trkpt lon="11.148720" lat="46.422510"/><trkpt lon="11.151030" lat="46.424020"/><trkpt lon="11.151610" lat="46.424230"/><trkpt lon="11.152830" lat="46.424860"/><trkpt lon="11.153120" lat="46.425320"/><trkpt lon="11.153310" lat="46.426100"/><trkpt lon="11.153880" lat="46.426690"/><trkpt lon="11.154370" lat="46.427310"/><trkpt lon="11.154410" lat="46.427900"/><trkpt lon="11.154550" lat="46.428150"/><trkpt lon="11.154710" lat="46.428270"/><trkpt lon="11.155550" lat="46.428950"/><trkpt lon="11.156330" lat="46.429770"/><trkpt lon="11.156470" lat="46.429880"/><trkpt lon="11.156600" lat="46.429890"/><trkpt lon="11.156690" lat="46.429850"/><trkpt lon="11.156720" lat="46.429740"/><trkpt lon="11.156700" lat="46.429200"/><trkpt lon="11.156940" lat="46.428800"/><trkpt lon="11.157030" lat="46.428460"/><trkpt lon="11.157810" lat="46.427190"/><trkpt lon="11.158430" lat="46.426750"/><trkpt lon="11.159080" lat="46.426430"/><trkpt lon="11.159580" lat="46.426010"/><trkpt lon="11.160160" lat="46.425580"/><trkpt lon="11.160290" lat="46.425320"/><trkpt lon="11.160160" lat="46.424200"/><trkpt lon="11.160120" lat="46.423740"/><trkpt lon="11.160330" lat="46.423110"/><trkpt lon="11.160730" lat="46.422730"/><trkpt lon="11.160840" lat="46.422500"/><trkpt lon="11.160870" lat="46.422120"/><trkpt lon="11.161110" lat="46.421800"/><trkpt lon="11.161110" lat="46.421610"/><trkpt lon="11.160960" lat="46.421160"/><trkpt lon="11.161100" lat="46.420680"/><trkpt lon="11.161270" lat="46.420520"/><trkpt lon="11.161860" lat="46.420400"/><trkpt lon="11.162210" lat="46.420220"/><trkpt lon="11.162220" lat="46.419820"/><trkpt lon="11.162470" lat="46.419540"/><trkpt lon="11.163150" lat="46.419130"/><trkpt lon="11.163910" lat="46.419120"/><trkpt lon="11.164370" lat="46.419010"/><trkpt lon="11.164650" lat="46.418840"/><trkpt lon="11.164820" lat="46.418640"/><trkpt lon="11.164820" lat="46.418220"/><trkpt lon="11.164820" lat="46.417880"/><trkpt lon="11.164980" lat="46.417700"/><trkpt lon="11.165280" lat="46.417570"/><trkpt lon="11.165610" lat="46.417520"/><trkpt lon="11.165900" lat="46.417540"/><trkpt lon="11.166230" lat="46.417670"/><trkpt lon="11.166620" lat="46.417960"/><trkpt lon="11.166850" lat="46.418380"/><trkpt lon="11.167150" lat="46.418750"/><trkpt lon="11.167640" lat="46.418810"/><trkpt lon="11.167950" lat="46.418710"/><trkpt lon="11.168360" lat="46.418480"/><trkpt lon="11.169500" lat="46.418120"/><trkpt lon="11.169880" lat="46.418130"/><trkpt lon="11.170370" lat="46.418320"/><trkpt lon="11.170750" lat="46.418700"/><trkpt lon="11.171090" lat="46.419080"/><trkpt lon="11.171610" lat="46.419260"/><trkpt lon="11.172740" lat="46.419270"/><trkpt lon="11.173350" lat="46.419310"/><trkpt lon="11.173820" lat="46.419500"/><trkpt lon="11.175080" lat="46.420640"/><trkpt lon="11.176070" lat="46.422210"/><trkpt lon="11.176810" lat="46.423020"/><trkpt lon="11.177090" lat="46.423160"/><trkpt lon="11.177420" lat="46.423190"/><trkpt lon="11.177910" lat="46.423240"/><trkpt lon="11.178290" lat="46.423430"/><trkpt lon="11.178460" lat="46.423740"/><trkpt lon="11.178510" lat="46.424230"/><trkpt lon="11.178640" lat="46.424530"/><trkpt lon="11.178940" lat="46.424800"/><trkpt lon="11.179540" lat="46.425300"/><trkpt lon="11.179730" lat="46.425330"/><trkpt lon="11.179890" lat="46.425280"/><trkpt lon="11.180090" lat="46.424850"/><trkpt lon="11.180230" lat="46.424580"/><trkpt lon="11.180470" lat="46.424350"/><trkpt lon="11.181150" lat="46.424210"/><trkpt lon="11.182130" lat="46.423900"/><trkpt lon="11.183040" lat="46.423480"/><trkpt lon="11.184390" lat="46.423240"/><trkpt lon="11.184790" lat="46.422950"/><trkpt lon="11.186590" lat="46.422040"/><trkpt lon="11.187110" lat="46.421410"/><trkpt lon="11.187700" lat="46.421180"/><trkpt lon="11.188040" lat="46.421000"/><trkpt lon="11.188040" lat="46.420690"/><trkpt lon="11.187810" lat="46.420190"/><trkpt lon="11.187920" lat="46.419470"/><trkpt lon="11.188190" lat="46.419230"/><trkpt lon="11.189330" lat="46.418640"/><trkpt lon="11.189660" lat="46.417710"/><trkpt lon="11.189880" lat="46.417430"/><trkpt lon="11.190430" lat="46.417120"/><trkpt lon="11.191210" lat="46.416790"/><trkpt lon="11.191490" lat="46.416620"/><trkpt lon="11.191780" lat="46.416560"/><trkpt lon="11.192350" lat="46.416630"/><trkpt lon="11.192830" lat="46.416680"/><trkpt lon="11.193330" lat="46.416890"/><trkpt lon="11.194380" lat="46.417270"/><trkpt lon="11.195070" lat="46.417480"/><trkpt lon="11.196080" lat="46.418060"/><trkpt lon="11.196410" lat="46.418300"/><trkpt lon="11.197500" lat="46.418540"/><trkpt lon="11.197980" lat="46.418330"/><trkpt lon="11.198320" lat="46.418210"/><trkpt lon="11.198580" lat="46.418220"/><trkpt lon="11.199050" lat="46.418320"/><trkpt lon="11.199510" lat="46.418320"/><trkpt lon="11.199840" lat="46.418440"/><trkpt lon="11.200190" lat="46.418570"/><trkpt lon="11.201200" lat="46.418760"/><trkpt lon="11.201610" lat="46.418890"/><trkpt lon="11.201920" lat="46.418930"/><trkpt lon="11.202250" lat="46.418890"/><trkpt lon="11.202810" lat="46.418730"/><trkpt lon="11.203470" lat="46.418720"/><trkpt lon="11.203770" lat="46.418690"/><trkpt lon="11.204060" lat="46.418580"/><trkpt lon="11.204780" lat="46.418220"/><trkpt lon="11.205520" lat="46.417990"/><trkpt lon="11.206030" lat="46.417780"/><trkpt lon="11.206800" lat="46.417300"/><trkpt lon="11.207060" lat="46.416970"/><trkpt lon="11.207250" lat="46.416820"/><trkpt lon="11.207560" lat="46.416730"/><trkpt lon="11.207850" lat="46.416710"/><trkpt lon="11.208460" lat="46.416780"/><trkpt lon="11.208880" lat="46.416890"/><trkpt lon="11.209520" lat="46.417170"/><trkpt lon="11.210120" lat="46.417590"/><trkpt lon="11.210800" lat="46.417910"/><trkpt lon="11.211140" lat="46.418010"/><trkpt lon="11.212180" lat="46.418120"/><trkpt lon="11.212840" lat="46.418270"/><trkpt lon="11.213100" lat="46.418390"/><trkpt lon="11.213240" lat="46.418550"/><trkpt lon="11.213180" lat="46.418800"/><trkpt lon="11.213180" lat="46.418900"/><trkpt lon="11.213260" lat="46.418950"/><trkpt lon="11.213360" lat="46.418930"/><trkpt lon="11.213420" lat="46.418870"/><trkpt lon="11.213420" lat="46.418610"/><trkpt lon="11.213320" lat="46.418380"/><trkpt lon="11.213110" lat="46.418200"/><trkpt lon="11.212770" lat="46.418070"/><trkpt lon="11.212700" lat="46.417990"/><trkpt lon="11.212760" lat="46.417900"/><trkpt lon="11.212830" lat="46.417890"/><trkpt lon="11.213600" lat="46.418360"/><trkpt lon="11.213750" lat="46.418420"/><trkpt lon="11.213900" lat="46.418420"/><trkpt lon="11.214050" lat="46.418360"/><trkpt lon="11.214490" lat="46.417920"/><trkpt lon="11.214550" lat="46.417790"/><trkpt lon="11.214510" lat="46.417640"/><trkpt lon="11.214370" lat="46.417540"/><trkpt lon="11.214110" lat="46.417500"/><trkpt lon="11.213690" lat="46.417550"/><trkpt lon="11.213320" lat="46.417540"/><trkpt lon="11.212200" lat="46.417400"/><trkpt lon="11.211790" lat="46.417200"/><trkpt lon="11.210780" lat="46.416420"/><trkpt lon="11.210570" lat="46.416190"/><trkpt lon="11.210380" lat="46.415760"/><trkpt lon="11.210470" lat="46.415700"/><trkpt lon="11.210570" lat="46.415710"/><trkpt lon="11.210640" lat="46.415780"/><trkpt lon="11.210630" lat="46.416000"/><trkpt lon="11.210760" lat="46.416200"/><trkpt lon="11.210940" lat="46.416310"/><trkpt lon="11.211280" lat="46.416370"/><trkpt lon="11.212080" lat="46.416670"/><trkpt lon="11.212340" lat="46.416820"/><trkpt lon="11.212460" lat="46.416810"/><trkpt lon="11.212520" lat="46.416730"/><trkpt lon="11.212450" lat="46.416650"/><trkpt lon="11.212140" lat="46.416550"/><trkpt lon="11.211670" lat="46.416330"/><trkpt lon="11.211070" lat="46.416160"/><trkpt lon="11.211010" lat="46.416100"/><trkpt lon="11.211060" lat="46.416010"/><trkpt lon="11.211190" lat="46.416000"/><trkpt lon="11.211340" lat="46.416090"/><trkpt lon="11.211610" lat="46.416190"/><trkpt lon="11.212360" lat="46.416380"/><trkpt lon="11.213430" lat="46.416500"/><trkpt lon="11.213950" lat="46.416590"/><trkpt lon="11.214270" lat="46.416700"/><trkpt lon="11.214390" lat="46.416670"/><trkpt lon="11.214420" lat="46.416590"/><trkpt lon="11.214340" lat="46.416530"/><trkpt lon="11.214120" lat="46.416500"/><trkpt lon="11.213090" lat="46.416270"/><trkpt lon="11.212460" lat="46.416190"/><trkpt lon="11.212340" lat="46.416150"/><trkpt lon="11.212320" lat="46.416060"/><trkpt lon="11.212380" lat="46.416010"/><trkpt lon="11.212530" lat="46.416010"/><trkpt lon="11.212950" lat="46.416140"/><trkpt lon="11.213680" lat="46.416200"/><trkpt lon="11.214620" lat="46.416320"/><trkpt lon="11.215290" lat="46.416350"/><trkpt lon="11.215460" lat="46.416430"/><trkpt lon="11.215840" lat="46.417010"/><trkpt lon="11.216060" lat="46.417340"/><trkpt lon="11.216130" lat="46.417640"/><trkpt lon="11.216190" lat="46.417700"/><trkpt lon="11.216290" lat="46.417700"/><trkpt lon="11.216370" lat="46.417640"/><trkpt lon="11.216350" lat="46.417540"/><trkpt lon="11.216170" lat="46.417310"/><trkpt lon="11.216040" lat="46.417070"/><trkpt lon="11.215880" lat="46.416470"/><trkpt lon="11.215740" lat="46.416240"/><trkpt lon="11.215820" lat="46.416150"/><trkpt lon="11.215930" lat="46.416140"/><trkpt lon="11.216000" lat="46.416190"/><trkpt lon="11.216020" lat="46.416390"/><trkpt lon="11.216260" lat="46.417070"/><trkpt lon="11.216390" lat="46.417280"/><trkpt lon="11.216560" lat="46.417430"/><trkpt lon="11.216640" lat="46.417640"/><trkpt lon="11.216640" lat="46.418100"/><trkpt lon="11.216550" lat="46.418300"/><trkpt lon="11.216200" lat="46.418610"/><trkpt lon="11.215670" lat="46.419330"/><trkpt lon="11.215400" lat="46.419490"/><trkpt lon="11.215120" lat="46.419860"/><trkpt lon="11.214940" lat="46.419960"/><trkpt lon="11.214860" lat="46.420160"/><trkpt lon="11.214750" lat="46.420290"/><trkpt lon="11.214720" lat="46.420500"/><trkpt lon="11.214610" lat="46.420780"/><trkpt lon="11.214620" lat="46.420950"/><trkpt lon="11.214520" lat="46.421240"/><trkpt lon="11.214480" lat="46.421700"/><trkpt lon="11.214360" lat="46.421860"/><trkpt lon="11.214220" lat="46.421990"/><trkpt lon="11.214200" lat="46.422120"/><trkpt lon="11.214310" lat="46.422350"/><trkpt lon="11.214350" lat="46.422660"/><trkpt lon="11.214440" lat="46.422890"/><trkpt lon="11.214300" lat="46.423400"/><trkpt lon="11.214400" lat="46.423600"/><trkpt lon="11.214390" lat="46.423930"/><trkpt lon="11.214490" lat="46.424060"/><trkpt lon="11.214500" lat="46.424190"/><trkpt lon="11.214340" lat="46.424390"/><trkpt lon="11.213870" lat="46.424720"/><trkpt lon="11.213850" lat="46.424840"/><trkpt lon="11.213940" lat="46.425020"/><trkpt lon="11.214100" lat="46.425140"/><trkpt lon="11.214440" lat="46.425160"/><trkpt lon="11.214640" lat="46.425270"/><trkpt lon="11.215110" lat="46.425900"/><trkpt lon="11.215330" lat="46.426400"/><trkpt lon="11.215490" lat="46.426780"/><trkpt lon="11.215670" lat="46.427140"/><trkpt lon="11.215830" lat="46.427600"/><trkpt lon="11.216200" lat="46.428000"/><trkpt lon="11.216460" lat="46.428210"/><trkpt lon="11.216690" lat="46.428340"/><trkpt lon="11.217940" lat="46.428820"/><trkpt lon="11.218620" lat="46.429240"/><trkpt lon="11.218920" lat="46.429330"/><trkpt lon="11.219160" lat="46.429370"/><trkpt lon="11.219370" lat="46.429360"/><trkpt lon="11.219730" lat="46.429280"/><trkpt lon="11.219880" lat="46.429330"/><trkpt lon="11.219970" lat="46.429460"/><trkpt lon="11.220110" lat="46.429630"/><trkpt lon="11.220310" lat="46.429750"/><trkpt lon="11.220580" lat="46.429820"/><trkpt lon="11.220910" lat="46.429880"/><trkpt lon="11.221020" lat="46.429970"/><trkpt lon="11.221370" lat="46.430540"/><trkpt lon="11.221650" lat="46.430730"/><trkpt lon="11.222020" lat="46.430840"/><trkpt lon="11.223090" lat="46.430850"/><trkpt lon="11.223410" lat="46.430880"/><trkpt lon="11.223640" lat="46.430970"/><trkpt lon="11.224010" lat="46.431200"/><trkpt lon="11.225370" lat="46.432770"/><trkpt lon="11.226200" lat="46.433360"/><trkpt lon="11.226630" lat="46.433700"/><trkpt lon="11.226760" lat="46.433880"/><trkpt lon="11.226890" lat="46.434190"/><trkpt lon="11.226980" lat="46.434250"/><trkpt lon="11.227230" lat="46.434300"/><trkpt lon="11.227390" lat="46.434390"/><trkpt lon="11.227410" lat="46.434540"/><trkpt lon="11.227170" lat="46.434750"/><trkpt lon="11.227080" lat="46.434890"/><trkpt lon="11.227120" lat="46.434990"/><trkpt lon="11.227290" lat="46.435070"/><trkpt lon="11.227920" lat="46.435100"/><trkpt lon="11.228050" lat="46.435160"/><trkpt lon="11.228330" lat="46.435670"/><trkpt lon="11.229110" lat="46.437430"/><trkpt lon="11.229120" lat="46.437530"/><trkpt lon="11.228930" lat="46.437720"/><trkpt lon="11.228890" lat="46.437850"/><trkpt lon="11.228930" lat="46.437930"/><trkpt lon="11.229190" lat="46.438040"/><trkpt lon="11.229360" lat="46.438150"/><trkpt lon="11.229480" lat="46.438350"/><trkpt lon="11.229840" lat="46.439270"/><trkpt lon="11.229970" lat="46.439440"/><trkpt lon="11.230370" lat="46.439820"/><trkpt lon="11.230980" lat="46.440950"/><trkpt lon="11.231490" lat="46.442810"/><trkpt lon="11.231600" lat="46.443420"/><trkpt lon="11.231610" lat="46.443670"/><trkpt lon="11.231670" lat="46.443730"/><trkpt lon="11.231780" lat="46.443730"/><trkpt lon="11.231860" lat="46.443690"/><trkpt lon="11.231950" lat="46.443380"/><trkpt lon="11.232420" lat="46.442240"/><trkpt lon="11.232650" lat="46.441920"/><trkpt lon="11.232900" lat="46.441720"/><trkpt lon="11.233460" lat="46.441430"/><trkpt lon="11.233530" lat="46.441310"/><trkpt lon="11.233230" lat="46.440580"/><trkpt lon="11.233140" lat="46.440490"/><trkpt lon="11.232980" lat="46.440440"/><trkpt lon="11.232860" lat="46.440450"/><trkpt lon="11.232510" lat="46.440620"/><trkpt lon="11.232360" lat="46.440660"/><trkpt lon="11.232210" lat="46.440650"/><trkpt lon="11.232040" lat="46.440570"/><trkpt lon="11.231970" lat="46.440440"/><trkpt lon="11.231960" lat="46.440230"/><trkpt lon="11.232030" lat="46.440010"/><trkpt lon="11.232260" lat="46.439750"/><trkpt lon="11.232400" lat="46.439420"/><trkpt lon="11.232390" lat="46.439180"/><trkpt lon="11.232000" lat="46.438540"/><trkpt lon="11.231910" lat="46.438310"/><trkpt lon="11.231910" lat="46.437940"/><trkpt lon="11.232020" lat="46.437080"/><trkpt lon="11.231980" lat="46.436940"/><trkpt lon="11.231800" lat="46.436650"/><trkpt lon="11.231770" lat="46.436540"/><trkpt lon="11.231860" lat="46.436080"/><trkpt lon="11.231970" lat="46.435650"/><trkpt lon="11.231940" lat="46.435190"/><trkpt lon="11.232060" lat="46.434760"/><trkpt lon="11.232130" lat="46.434520"/><trkpt lon="11.232230" lat="46.434490"/><trkpt lon="11.232350" lat="46.434530"/><trkpt lon="11.232510" lat="46.434860"/><trkpt lon="11.232550" lat="46.435110"/><trkpt lon="11.232460" lat="46.435370"/><trkpt lon="11.232520" lat="46.435880"/><trkpt lon="11.232630" lat="46.436010"/><trkpt lon="11.233030" lat="46.436210"/><trkpt lon="11.233340" lat="46.436500"/><trkpt lon="11.233690" lat="46.436670"/><trkpt lon="11.234150" lat="46.436920"/><trkpt lon="11.234360" lat="46.436950"/><trkpt lon="11.234530" lat="46.436900"/><trkpt lon="11.234640" lat="46.436760"/><trkpt lon="11.234640" lat="46.436390"/><trkpt lon="11.234700" lat="46.436140"/><trkpt lon="11.234910" lat="46.435640"/><trkpt lon="11.235040" lat="46.435520"/><trkpt lon="11.235220" lat="46.435440"/><trkpt lon="11.235600" lat="46.435350"/><trkpt lon="11.235640" lat="46.435270"/><trkpt lon="11.235590" lat="46.435210"/><trkpt lon="11.235460" lat="46.435200"/><trkpt lon="11.234880" lat="46.435450"/><trkpt lon="11.234630" lat="46.435620"/><trkpt lon="11.234490" lat="46.435680"/><trkpt lon="11.234330" lat="46.435660"/><trkpt lon="11.234230" lat="46.435600"/><trkpt lon="11.233860" lat="46.435000"/><trkpt lon="11.233740" lat="46.434330"/><trkpt lon="11.233640" lat="46.433740"/><trkpt lon="11.233750" lat="46.433260"/><trkpt lon="11.233680" lat="46.433070"/><trkpt lon="11.233400" lat="46.432660"/><trkpt lon="11.233090" lat="46.431910"/><trkpt lon="11.233060" lat="46.431330"/><trkpt lon="11.232990" lat="46.431150"/><trkpt lon="11.232810" lat="46.430930"/><trkpt lon="11.232430" lat="46.430640"/><trkpt lon="11.232350" lat="46.430500"/><trkpt lon="11.232300" lat="46.429880"/><trkpt lon="11.232250" lat="46.429650"/><trkpt lon="11.232050" lat="46.429370"/><trkpt lon="11.231610" lat="46.429050"/><trkpt lon="11.231550" lat="46.428970"/><trkpt lon="11.231600" lat="46.428900"/><trkpt lon="11.231710" lat="46.428880"/><trkpt lon="11.232210" lat="46.429200"/><trkpt lon="11.232610" lat="46.429430"/><trkpt lon="11.234190" lat="46.429950"/><trkpt lon="11.234500" lat="46.430090"/><trkpt lon="11.234900" lat="46.430460"/><trkpt lon="11.235360" lat="46.430890"/><trkpt lon="11.235510" lat="46.430850"/><trkpt lon="11.235570" lat="46.430780"/><trkpt lon="11.235540" lat="46.430700"/><trkpt lon="11.235080" lat="46.430340"/><trkpt lon="11.234940" lat="46.430150"/><trkpt lon="11.234850" lat="46.429890"/><trkpt lon="11.234880" lat="46.429470"/><trkpt lon="11.234860" lat="46.429240"/><trkpt lon="11.234510" lat="46.428620"/><trkpt lon="11.233970" lat="46.427790"/><trkpt lon="11.233640" lat="46.427460"/><trkpt lon="11.232960" lat="46.427120"/><trkpt lon="11.232560" lat="46.426980"/><trkpt lon="11.232060" lat="46.426870"/><trkpt lon="11.231970" lat="46.426810"/><trkpt lon="11.231940" lat="46.426730"/><trkpt lon="11.232020" lat="46.426650"/><trkpt lon="11.233130" lat="46.426390"/><trkpt lon="11.233350" lat="46.426380"/><trkpt lon="11.233530" lat="46.426420"/><trkpt lon="11.233710" lat="46.426540"/><trkpt lon="11.234210" lat="46.426930"/><trkpt lon="11.234380" lat="46.426990"/><trkpt lon="11.234630" lat="46.427010"/><trkpt lon="11.236590" lat="46.426960"/><trkpt lon="11.236880" lat="46.427020"/><trkpt lon="11.237180" lat="46.427190"/><trkpt lon="11.237290" lat="46.427360"/><trkpt lon="11.237300" lat="46.427760"/><trkpt lon="11.237150" lat="46.428770"/><trkpt lon="11.237240" lat="46.428870"/><trkpt lon="11.237390" lat="46.428930"/><trkpt lon="11.237540" lat="46.428930"/><trkpt lon="11.237890" lat="46.428780"/><trkpt lon="11.238430" lat="46.428500"/><trkpt lon="11.238620" lat="46.428490"/><trkpt lon="11.238820" lat="46.428530"/><trkpt lon="11.239390" lat="46.428850"/><trkpt lon="11.239550" lat="46.429000"/><trkpt lon="11.239600" lat="46.429150"/><trkpt lon="11.239640" lat="46.429470"/><trkpt lon="11.239730" lat="46.429630"/><trkpt lon="11.239940" lat="46.429800"/><trkpt lon="11.240750" lat="46.430150"/><trkpt lon="11.241150" lat="46.430380"/><trkpt lon="11.242080" lat="46.431090"/><trkpt lon="11.242210" lat="46.431350"/><trkpt lon="11.242270" lat="46.431660"/><trkpt lon="11.242390" lat="46.431860"/><trkpt lon="11.242560" lat="46.431940"/><trkpt lon="11.243020" lat="46.432050"/><trkpt lon="11.243480" lat="46.432350"/><trkpt lon="11.243630" lat="46.432490"/><trkpt lon="11.243680" lat="46.432650"/><trkpt lon="11.243670" lat="46.432850"/><trkpt lon="11.243690" lat="46.432940"/><trkpt lon="11.243840" lat="46.433120"/><trkpt lon="11.244080" lat="46.433320"/><trkpt lon="11.244240" lat="46.433650"/><trkpt lon="11.245370" lat="46.435430"/><trkpt lon="11.245590" lat="46.435940"/><trkpt lon="11.245650" lat="46.436540"/><trkpt lon="11.245710" lat="46.436830"/><trkpt lon="11.246690" lat="46.438260"/><trkpt lon="11.246830" lat="46.438530"/><trkpt lon="11.247080" lat="46.439440"/><trkpt lon="11.247100" lat="46.439810"/><trkpt lon="11.247000" lat="46.441410"/><trkpt lon="11.247050" lat="46.441670"/><trkpt lon="11.247160" lat="46.441900"/><trkpt lon="11.247160" lat="46.442230"/><trkpt lon="11.247190" lat="46.442390"/><trkpt lon="11.247370" lat="46.442560"/><trkpt lon="11.247710" lat="46.442770"/><trkpt lon="11.247920" lat="46.442830"/><trkpt lon="11.248140" lat="46.442820"/><trkpt lon="11.248360" lat="46.442740"/><trkpt lon="11.248880" lat="46.442370"/><trkpt lon="11.249100" lat="46.442260"/><trkpt lon="11.249320" lat="46.442220"/><trkpt lon="11.250000" lat="46.442200"/><trkpt lon="11.250320" lat="46.442280"/><trkpt lon="11.250510" lat="46.442410"/><trkpt lon="11.251140" lat="46.442960"/><trkpt lon="11.251350" lat="46.443060"/><trkpt lon="11.251620" lat="46.443130"/><trkpt lon="11.253830" lat="46.443370"/><trkpt lon="11.254160" lat="46.443360"/><trkpt lon="11.254460" lat="46.443270"/><trkpt lon="11.254640" lat="46.443080"/><trkpt lon="11.254710" lat="46.442840"/><trkpt lon="11.254690" lat="46.442640"/><trkpt lon="11.254570" lat="46.442390"/><trkpt lon="11.254400" lat="46.442230"/><trkpt lon="11.254170" lat="46.442080"/><trkpt lon="11.253770" lat="46.441940"/><trkpt lon="11.253300" lat="46.441830"/><trkpt lon="11.253150" lat="46.441750"/><trkpt lon="11.253050" lat="46.441650"/><trkpt lon="11.253030" lat="46.441510"/><trkpt lon="11.253080" lat="46.441370"/><trkpt lon="11.253210" lat="46.441260"/><trkpt lon="11.253450" lat="46.441200"/><trkpt lon="11.253630" lat="46.441200"/><trkpt lon="11.253840" lat="46.441280"/><trkpt lon="11.254470" lat="46.441670"/><trkpt lon="11.255480" lat="46.442080"/><trkpt lon="11.255730" lat="46.442240"/><trkpt lon="11.256080" lat="46.442530"/><trkpt lon="11.256520" lat="46.443110"/><trkpt lon="11.256690" lat="46.443260"/><trkpt lon="11.256890" lat="46.443310"/><trkpt lon="11.257100" lat="46.443300"/><trkpt lon="11.257290" lat="46.443230"/><trkpt lon="11.257420" lat="46.443120"/><trkpt lon="11.257460" lat="46.442980"/><trkpt lon="11.257410" lat="46.442820"/><trkpt lon="11.256630" lat="46.442060"/><trkpt lon="11.256310" lat="46.441680"/><trkpt lon="11.256200" lat="46.441400"/><trkpt lon="11.256180" lat="46.440940"/><trkpt lon="11.256380" lat="46.440550"/><trkpt lon="11.256600" lat="46.440340"/><trkpt lon="11.256930" lat="46.440200"/><trkpt lon="11.257220" lat="46.440160"/><trkpt lon="11.257580" lat="46.440170"/><trkpt lon="11.257910" lat="46.440230"/><trkpt lon="11.258320" lat="46.440360"/><trkpt lon="11.258800" lat="46.440610"/><trkpt lon="11.259160" lat="46.440740"/><trkpt lon="11.259400" lat="46.440720"/><trkpt lon="11.259540" lat="46.440640"/><trkpt lon="11.259590" lat="46.440490"/><trkpt lon="11.258890" lat="46.438340"/><trkpt lon="11.258540" lat="46.437740"/><trkpt lon="11.257770" lat="46.436920"/><trkpt lon="11.256950" lat="46.435920"/><trkpt lon="11.256100" lat="46.434590"/><trkpt lon="11.255330" lat="46.433540"/><trkpt lon="11.254340" lat="46.432390"/><trkpt lon="11.254030" lat="46.431970"/><trkpt lon="11.253700" lat="46.431310"/><trkpt lon="11.253510" lat="46.430510"/><trkpt lon="11.253470" lat="46.429760"/><trkpt lon="11.253290" lat="46.428880"/><trkpt lon="11.253110" lat="46.428440"/><trkpt lon="11.252340" lat="46.426930"/><trkpt lon="11.252330" lat="46.424790"/><trkpt lon="11.252170" lat="46.424290"/><trkpt lon="11.251700" lat="46.423580"/><trkpt lon="11.251630" lat="46.422990"/><trkpt lon="11.251630" lat="46.422360"/><trkpt lon="11.251590" lat="46.422220"/><trkpt lon="11.251480" lat="46.422170"/><trkpt lon="11.251450" lat="46.422110"/><trkpt lon="11.251490" lat="46.422040"/><trkpt lon="11.251580" lat="46.422000"/><trkpt lon="11.251670" lat="46.421940"/><trkpt lon="11.251780" lat="46.421760"/><trkpt lon="11.251840" lat="46.421600"/><trkpt lon="11.251700" lat="46.420360"/><trkpt lon="11.251570" lat="46.419360"/><trkpt lon="11.251490" lat="46.419110"/><trkpt lon="11.251190" lat="46.418670"/><trkpt lon="11.251100" lat="46.418680"/><trkpt lon="11.251000" lat="46.418650"/><trkpt lon="11.250950" lat="46.418570"/><trkpt lon="11.250980" lat="46.418500"/><trkpt lon="11.251070" lat="46.418450"/><trkpt lon="11.250980" lat="46.418290"/><trkpt lon="11.250630" lat="46.418020"/><trkpt lon="11.249860" lat="46.417590"/><trkpt lon="11.249630" lat="46.417340"/><trkpt lon="11.249260" lat="46.416710"/><trkpt lon="11.249060" lat="46.415910"/><trkpt lon="11.248760" lat="46.414780"/><trkpt lon="11.248670" lat="46.414560"/><trkpt lon="11.247980" lat="46.413510"/><trkpt lon="11.247800" lat="46.412990"/><trkpt lon="11.247810" lat="46.412570"/><trkpt lon="11.248110" lat="46.410380"/><trkpt lon="11.248470" lat="46.408330"/><trkpt lon="11.248360" lat="46.407720"/><trkpt lon="11.247920" lat="46.407080"/><trkpt lon="11.247860" lat="46.406830"/><trkpt lon="11.247890" lat="46.406610"/><trkpt lon="11.247850" lat="46.406490"/><trkpt lon="11.247740" lat="46.406400"/><trkpt lon="11.247690" lat="46.406300"/><trkpt lon="11.247760" lat="46.406210"/><trkpt lon="11.247880" lat="46.406180"/><trkpt lon="11.248020" lat="46.406170"/><trkpt lon="11.248270" lat="46.406050"/><trkpt lon="11.248390" lat="46.405870"/><trkpt lon="11.248510" lat="46.405080"/><trkpt lon="11.248650" lat="46.404150"/><trkpt lon="11.249340" lat="46.402930"/><trkpt lon="11.249850" lat="46.401230"/><trkpt lon="11.250090" lat="46.400650"/><trkpt lon="11.250700" lat="46.400180"/><trkpt lon="11.251310" lat="46.399570"/><trkpt lon="11.252160" lat="46.398070"/><trkpt lon="11.253780" lat="46.395790"/><trkpt lon="11.254510" lat="46.394560"/><trkpt lon="11.254740" lat="46.394000"/><trkpt lon="11.254940" lat="46.393210"/><trkpt lon="11.254980" lat="46.392370"/><trkpt lon="11.254960" lat="46.391860"/><trkpt lon="11.255070" lat="46.391510"/><trkpt lon="11.255260" lat="46.391220"/><trkpt lon="11.256130" lat="46.390530"/><trkpt lon="11.256620" lat="46.390030"/><trkpt lon="11.256880" lat="46.389620"/><trkpt lon="11.257010" lat="46.389180"/><trkpt lon="11.256920" lat="46.388740"/><trkpt lon="11.256400" lat="46.387930"/><trkpt lon="11.254820" lat="46.386360"/><trkpt lon="11.254060" lat="46.385810"/><trkpt lon="11.253830" lat="46.385530"/><trkpt lon="11.253750" lat="46.385330"/><trkpt lon="11.253720" lat="46.384850"/><trkpt lon="11.253970" lat="46.384050"/><trkpt lon="11.254250" lat="46.383580"/><trkpt lon="11.254560" lat="46.382320"/><trkpt lon="11.254530" lat="46.381690"/><trkpt lon="11.254340" lat="46.380320"/><trkpt lon="11.254140" lat="46.379450"/><trkpt lon="11.253910" lat="46.379160"/><trkpt lon="11.252790" lat="46.378340"/><trkpt lon="11.252460" lat="46.378020"/><trkpt lon="11.252260" lat="46.377540"/><trkpt lon="11.252190" lat="46.376030"/><trkpt lon="11.252060" lat="46.375600"/><trkpt lon="11.251200" lat="46.374090"/><trkpt lon="11.251060" lat="46.373620"/><trkpt lon="11.251120" lat="46.373340"/><trkpt lon="11.251290" lat="46.373040"/><trkpt lon="11.252050" lat="46.372300"/><trkpt lon="11.252310" lat="46.372020"/><trkpt lon="11.252530" lat="46.371480"/><trkpt lon="11.252720" lat="46.370700"/><trkpt lon="11.252640" lat="46.370370"/><trkpt lon="11.252500" lat="46.370180"/><trkpt lon="11.251950" lat="46.369800"/><trkpt lon="11.251330" lat="46.369360"/><trkpt lon="11.251100" lat="46.369020"/><trkpt lon="11.251070" lat="46.368710"/><trkpt lon="11.251120" lat="46.367480"/><trkpt lon="11.251250" lat="46.366930"/><trkpt lon="11.251650" lat="46.366230"/><trkpt lon="11.253390" lat="46.364310"/><trkpt lon="11.253490" lat="46.364160"/><trkpt lon="11.253560" lat="46.364000"/><trkpt lon="11.253610" lat="46.363940"/><trkpt lon="11.253770" lat="46.363930"/><trkpt lon="11.253860" lat="46.363910"/><trkpt lon="11.254220" lat="46.363750"/><trkpt lon="11.255100" lat="46.363020"/><trkpt lon="11.257870" lat="46.360870"/><trkpt lon="11.258900" lat="46.359540"/><trkpt lon="11.260180" lat="46.357910"/><trkpt lon="11.261920" lat="46.356100"/><trkpt lon="11.262120" lat="46.355720"/><trkpt lon="11.263590" lat="46.349780"/><trkpt lon="11.264060" lat="46.347990"/><trkpt lon="11.263920" lat="46.347930"/><trkpt lon="11.263890" lat="46.347820"/><trkpt lon="11.263950" lat="46.347730"/><trkpt lon="11.264070" lat="46.347690"/><trkpt lon="11.264210" lat="46.347700"/><trkpt lon="11.264320" lat="46.347770"/><trkpt lon="11.264340" lat="46.347870"/><trkpt lon="11.267640" lat="46.348700"/><trkpt lon="11.268960" lat="46.349350"/><trkpt lon="11.269360" lat="46.349490"/><trkpt lon="11.270440" lat="46.349790"/><trkpt lon="11.272460" lat="46.350570"/><trkpt lon="11.275830" lat="46.351880"/><trkpt lon="11.276800" lat="46.352390"/><trkpt lon="11.281000" lat="46.354460"/><trkpt lon="11.282840" lat="46.354890"/><trkpt lon="11.283070" lat="46.354890"/><trkpt lon="11.283520" lat="46.354810"/><trkpt lon="11.284940" lat="46.354310"/><trkpt lon="11.285180" lat="46.354120"/><trkpt lon="11.285400" lat="46.353630"/><trkpt lon="11.285610" lat="46.353300"/><trkpt lon="11.285900" lat="46.353100"/><trkpt lon="11.288320" lat="46.352500"/><trkpt lon="11.289460" lat="46.352210"/><trkpt lon="11.290050" lat="46.352000"/><trkpt lon="11.290520" lat="46.351760"/><trkpt lon="11.291010" lat="46.351410"/><trkpt lon="11.291410" lat="46.351030"/><trkpt lon="11.292120" lat="46.349870"/><trkpt lon="11.292860" lat="46.348660"/><trkpt lon="11.293200" lat="46.348270"/><trkpt lon="11.293790" lat="46.347840"/><trkpt lon="11.294250" lat="46.347400"/><trkpt lon="11.294240" lat="46.347330"/><trkpt lon="11.294290" lat="46.347270"/><trkpt lon="11.294380" lat="46.347240"/><trkpt lon="11.294480" lat="46.347250"/><trkpt lon="11.294780" lat="46.346930"/><trkpt lon="11.295460" lat="46.346160"/><trkpt lon="11.295590" lat="46.345890"/><trkpt lon="11.295830" lat="46.344940"/><trkpt lon="11.296060" lat="46.344550"/><trkpt lon="11.296350" lat="46.344140"/><trkpt lon="11.296730" lat="46.343650"/><trkpt lon="11.297230" lat="46.343370"/><trkpt lon="11.297550" lat="46.343280"/><trkpt lon="11.297950" lat="46.343260"/><trkpt lon="11.298780" lat="46.343290"/><trkpt lon="11.299680" lat="46.343350"/><trkpt lon="11.299960" lat="46.343260"/><trkpt lon="11.300190" lat="46.343050"/><trkpt lon="11.300240" lat="46.342910"/><trkpt lon="11.300210" lat="46.342560"/><trkpt lon="11.300090" lat="46.342280"/><trkpt lon="11.299950" lat="46.342200"/><trkpt lon="11.299580" lat="46.342130"/><trkpt lon="11.299310" lat="46.342030"/><trkpt lon="11.299130" lat="46.342000"/><trkpt lon="11.299010" lat="46.341950"/><trkpt lon="11.298940" lat="46.341860"/><trkpt lon="11.298970" lat="46.341760"/><trkpt lon="11.299050" lat="46.341610"/><trkpt lon="11.299030" lat="46.341470"/><trkpt lon="11.298920" lat="46.341340"/><trkpt lon="11.298700" lat="46.341230"/><trkpt lon="11.298380" lat="46.341180"/><trkpt lon="11.297650" lat="46.341170"/><trkpt lon="11.297300" lat="46.341070"/><trkpt lon="11.297130" lat="46.340960"/><trkpt lon="11.296720" lat="46.340460"/><trkpt lon="11.296160" lat="46.339950"/><trkpt lon="11.295500" lat="46.339590"/><trkpt lon="11.295360" lat="46.339480"/><trkpt lon="11.295360" lat="46.339370"/><trkpt lon="11.295490" lat="46.339280"/><trkpt lon="11.295670" lat="46.339270"/><trkpt lon="11.295820" lat="46.339340"/><trkpt lon="11.296130" lat="46.339650"/><trkpt lon="11.296610" lat="46.339960"/><trkpt lon="11.296900" lat="46.340360"/><trkpt lon="11.297070" lat="46.340520"/><trkpt lon="11.297770" lat="46.340940"/><trkpt lon="11.297920" lat="46.340960"/><trkpt lon="11.298060" lat="46.340910"/><trkpt lon="11.298120" lat="46.340820"/><trkpt lon="11.298100" lat="46.340720"/><trkpt lon="11.297990" lat="46.340580"/><trkpt lon="11.296710" lat="46.339390"/><trkpt lon="11.296490" lat="46.339170"/><trkpt lon="11.296320" lat="46.338850"/><trkpt lon="11.296200" lat="46.338680"/><trkpt lon="11.295810" lat="46.338400"/><trkpt lon="11.294890" lat="46.337790"/><trkpt lon="11.294660" lat="46.337550"/><trkpt lon="11.294390" lat="46.337060"/><trkpt lon="11.294220" lat="46.336860"/><trkpt lon="11.293590" lat="46.336370"/><trkpt lon="11.293510" lat="46.336260"/><trkpt lon="11.293550" lat="46.336120"/><trkpt lon="11.293660" lat="46.336050"/><trkpt lon="11.293850" lat="46.336040"/><trkpt lon="11.293960" lat="46.336080"/><trkpt lon="11.294400" lat="46.336430"/><trkpt lon="11.294580" lat="46.336640"/><trkpt lon="11.295040" lat="46.337380"/><trkpt lon="11.295160" lat="46.337520"/><trkpt lon="11.296960" lat="46.338700"/><trkpt lon="11.297150" lat="46.338760"/><trkpt lon="11.297310" lat="46.338700"/><trkpt lon="11.297370" lat="46.338590"/><trkpt lon="11.297320" lat="46.338520"/><trkpt lon="11.296480" lat="46.338170"/><trkpt lon="11.296260" lat="46.338000"/><trkpt lon="11.296080" lat="46.337720"/><trkpt lon="11.295500" lat="46.336400"/><trkpt lon="11.294460" lat="46.334980"/><trkpt lon="11.294420" lat="46.334820"/><trkpt lon="11.294450" lat="46.334650"/><trkpt lon="11.294590" lat="46.334250"/><trkpt lon="11.294430" lat="46.333510"/><trkpt lon="11.294440" lat="46.333160"/><trkpt lon="11.294870" lat="46.332150"/><trkpt lon="11.295010" lat="46.331980"/><trkpt lon="11.295230" lat="46.331860"/><trkpt lon="11.295480" lat="46.331810"/><trkpt lon="11.295730" lat="46.331810"/><trkpt lon="11.296990" lat="46.332260"/><trkpt lon="11.298120" lat="46.332670"/><trkpt lon="11.298820" lat="46.332900"/><trkpt lon="11.299560" lat="46.333080"/><trkpt lon="11.300630" lat="46.333130"/><trkpt lon="11.302190" lat="46.333220"/><trkpt lon="11.302510" lat="46.333290"/><trkpt lon="11.302720" lat="46.333390"/><trkpt lon="11.302930" lat="46.333630"/><trkpt lon="11.303960" lat="46.335460"/><trkpt lon="11.304360" lat="46.336570"/><trkpt lon="11.304480" lat="46.337660"/><trkpt lon="11.304840" lat="46.338370"/><trkpt lon="11.305500" lat="46.338950"/><trkpt lon="11.305950" lat="46.339480"/><trkpt lon="11.306120" lat="46.339880"/><trkpt lon="11.306400" lat="46.340360"/><trkpt lon="11.306610" lat="46.341170"/><trkpt lon="11.306670" lat="46.341280"/><trkpt lon="11.306770" lat="46.341310"/><trkpt lon="11.306900" lat="46.341290"/><trkpt lon="11.306970" lat="46.341220"/><trkpt lon="11.306970" lat="46.341110"/><trkpt lon="11.306490" lat="46.340110"/><trkpt lon="11.306210" lat="46.339620"/><trkpt lon="11.306000" lat="46.339110"/><trkpt lon="11.305710" lat="46.338890"/><trkpt lon="11.305280" lat="46.338490"/><trkpt lon="11.305090" lat="46.338110"/><trkpt lon="11.305060" lat="46.337710"/><trkpt lon="11.305220" lat="46.336660"/><trkpt lon="11.305280" lat="46.335210"/><trkpt lon="11.305370" lat="46.334980"/><trkpt lon="11.306880" lat="46.333960"/><trkpt lon="11.307110" lat="46.333900"/><trkpt lon="11.307400" lat="46.333930"/><trkpt lon="11.307590" lat="46.334050"/><trkpt lon="11.307710" lat="46.334230"/><trkpt lon="11.308000" lat="46.335110"/><trkpt lon="11.307990" lat="46.335290"/><trkpt lon="11.307630" lat="46.335830"/><trkpt lon="11.307500" lat="46.336090"/><trkpt lon="11.307450" lat="46.336360"/><trkpt lon="11.307510" lat="46.336800"/><trkpt lon="11.307710" lat="46.337510"/><trkpt lon="11.307520" lat="46.337880"/><trkpt lon="11.306770" lat="46.338360"/><trkpt lon="11.306650" lat="46.338640"/><trkpt lon="11.307680" lat="46.340120"/><trkpt lon="11.307920" lat="46.340340"/><trkpt lon="11.308220" lat="46.340490"/><trkpt lon="11.308540" lat="46.340560"/><trkpt lon="11.308870" lat="46.340540"/><trkpt lon="11.311380" lat="46.339570"/><trkpt lon="11.311730" lat="46.339470"/><trkpt lon="11.312250" lat="46.339430"/><trkpt lon="11.313220" lat="46.339540"/><trkpt lon="11.319000" lat="46.340260"/><trkpt lon="11.319630" lat="46.340460"/><trkpt lon="11.322410" lat="46.341490"/><trkpt lon="11.324530" lat="46.341770"/><trkpt lon="11.326680" lat="46.342590"/><trkpt lon="11.327080" lat="46.342660"/><trkpt lon="11.327560" lat="46.342670"/><trkpt lon="11.329640" lat="46.342600"/><trkpt lon="11.330240" lat="46.342700"/><trkpt lon="11.330990" lat="46.343030"/><trkpt lon="11.332910" lat="46.343380"/><trkpt lon="11.333180" lat="46.343380"/><trkpt lon="11.333560" lat="46.343320"/><trkpt lon="11.333790" lat="46.343210"/><trkpt lon="11.334470" lat="46.342580"/><trkpt lon="11.334880" lat="46.342200"/><trkpt lon="11.335210" lat="46.342130"/><trkpt lon="11.335600" lat="46.342220"/><trkpt lon="11.335930" lat="46.342690"/><trkpt lon="11.336150" lat="46.342890"/><trkpt lon="11.336460" lat="46.343010"/><trkpt lon="11.337700" lat="46.343160"/><trkpt lon="11.340300" lat="46.343410"/><trkpt lon="11.340830" lat="46.343430"/><trkpt lon="11.341230" lat="46.343330"/><trkpt lon="11.342000" lat="46.342880"/><trkpt lon="11.342620" lat="46.342500"/><trkpt lon="11.342910" lat="46.342130"/><trkpt lon="11.342920" lat="46.341800"/><trkpt lon="11.342900" lat="46.341610"/><trkpt lon="11.343030" lat="46.341390"/><trkpt lon="11.343600" lat="46.340980"/><trkpt lon="11.344270" lat="46.340520"/><trkpt lon="11.344730" lat="46.340500"/><trkpt lon="11.345330" lat="46.340650"/><trkpt lon="11.345700" lat="46.340800"/><trkpt lon="11.345850" lat="46.340950"/><trkpt lon="11.345940" lat="46.341260"/><trkpt lon="11.346240" lat="46.342430"/><trkpt lon="11.346360" lat="46.342540"/><trkpt lon="11.346580" lat="46.342600"/><trkpt lon="11.346810" lat="46.342540"/><trkpt lon="11.347050" lat="46.342360"/><trkpt lon="11.347520" lat="46.342110"/><trkpt lon="11.348090" lat="46.342070"/><trkpt lon="11.349350" lat="46.341800"/><trkpt lon="11.349770" lat="46.341800"/><trkpt lon="11.350080" lat="46.341890"/><trkpt lon="11.351630" lat="46.342730"/><trkpt lon="11.352180" lat="46.342930"/><trkpt lon="11.352770" lat="46.343080"/><trkpt lon="11.353230" lat="46.343170"/><trkpt lon="11.354150" lat="46.343510"/><trkpt lon="11.354430" lat="46.343550"/><trkpt lon="11.355090" lat="46.343320"/><trkpt lon="11.356150" lat="46.342510"/><trkpt lon="11.357430" lat="46.341710"/><trkpt lon="11.357570" lat="46.341460"/><trkpt lon="11.357500" lat="46.341110"/><trkpt lon="11.357510" lat="46.340800"/><trkpt lon="11.357620" lat="46.340590"/><trkpt lon="11.358400" lat="46.340110"/><trkpt lon="11.358610" lat="46.339900"/><trkpt lon="11.358820" lat="46.339580"/><trkpt lon="11.358850" lat="46.339250"/><trkpt lon="11.358750" lat="46.338830"/><trkpt lon="11.358800" lat="46.338610"/><trkpt lon="11.358940" lat="46.338380"/><trkpt lon="11.362170" lat="46.335140"/><trkpt lon="11.362540" lat="46.334710"/><trkpt lon="11.362760" lat="46.334570"/><trkpt lon="11.363010" lat="46.334490"/><trkpt lon="11.363300" lat="46.334470"/><trkpt lon="11.363990" lat="46.334620"/><trkpt lon="11.364680" lat="46.334560"/><trkpt lon="11.364940" lat="46.334470"/><trkpt lon="11.366040" lat="46.333800"/><trkpt lon="11.366710" lat="46.333180"/><trkpt lon="11.367380" lat="46.332850"/><trkpt lon="11.368830" lat="46.332240"/><trkpt lon="11.369410" lat="46.332080"/><trkpt lon="11.370700" lat="46.332040"/><trkpt lon="11.370970" lat="46.331980"/><trkpt lon="11.371340" lat="46.331800"/><trkpt lon="11.371800" lat="46.331430"/><trkpt lon="11.372970" lat="46.331100"/><trkpt lon="11.373400" lat="46.330940"/><trkpt lon="11.373820" lat="46.330720"/><trkpt lon="11.374730" lat="46.330060"/><trkpt lon="11.376040" lat="46.329200"/><trkpt lon="11.377490" lat="46.328200"/><trkpt lon="11.378020" lat="46.327890"/><trkpt lon="11.379030" lat="46.326760"/><trkpt lon="11.379530" lat="46.326130"/><trkpt lon="11.379830" lat="46.325810"/><trkpt lon="11.381370" lat="46.324650"/><trkpt lon="11.384540" lat="46.322520"/><trkpt lon="11.386090" lat="46.321800"/><trkpt lon="11.386470" lat="46.321560"/><trkpt lon="11.386750" lat="46.321150"/><trkpt lon="11.387100" lat="46.320580"/><trkpt lon="11.387380" lat="46.320170"/><trkpt lon="11.388220" lat="46.319520"/><trkpt lon="11.389690" lat="46.318440"/><trkpt lon="11.389910" lat="46.318230"/><trkpt lon="11.390000" lat="46.318020"/><trkpt lon="11.389800" lat="46.315920"/><trkpt lon="11.389820" lat="46.315660"/><trkpt lon="11.389970" lat="46.315350"/><trkpt lon="11.391290" lat="46.313650"/><trkpt lon="11.393140" lat="46.312230"/><trkpt lon="11.393420" lat="46.311880"/><trkpt lon="11.393830" lat="46.311690"/><trkpt lon="11.395000" lat="46.310870"/><trkpt lon="11.395160" lat="46.310780"/><trkpt lon="11.395770" lat="46.310600"/><trkpt lon="11.397920" lat="46.310240"/><trkpt lon="11.398680" lat="46.310170"/><trkpt lon="11.399200" lat="46.310140"/><trkpt lon="11.399880" lat="46.310180"/><trkpt lon="11.400640" lat="46.310270"/><trkpt lon="11.400990" lat="46.310450"/><trkpt lon="11.401440" lat="46.310880"/><trkpt lon="11.401690" lat="46.310990"/><trkpt lon="11.401990" lat="46.311040"/><trkpt lon="11.402260" lat="46.311020"/><trkpt lon="11.402530" lat="46.310930"/><trkpt lon="11.402820" lat="46.310750"/><trkpt lon="11.404630" lat="46.309190"/><trkpt lon="11.404690" lat="46.308950"/><trkpt lon="11.404640" lat="46.308590"/><trkpt lon="11.404500" lat="46.307910"/><trkpt lon="11.404570" lat="46.307630"/><trkpt lon="11.404730" lat="46.307410"/><trkpt lon="11.404940" lat="46.307240"/><trkpt lon="11.406200" lat="46.306510"/><trkpt lon="11.407030" lat="46.305560"/><trkpt lon="11.407170" lat="46.305360"/><trkpt lon="11.407350" lat="46.304660"/><trkpt lon="11.407260" lat="46.304000"/><trkpt lon="11.407270" lat="46.302960"/><trkpt lon="11.407340" lat="46.302670"/><trkpt lon="11.409870" lat="46.297450"/><trkpt lon="11.410490" lat="46.296680"/><trkpt lon="11.411370" lat="46.295780"/><trkpt lon="11.414030" lat="46.294570"/><trkpt lon="11.416130" lat="46.294050"/><trkpt lon="11.417240" lat="46.293880"/><trkpt lon="11.417720" lat="46.293680"/><trkpt lon="11.418040" lat="46.293460"/><trkpt lon="11.418300" lat="46.293200"/><trkpt lon="11.418560" lat="46.292590"/><trkpt lon="11.418960" lat="46.290480"/><trkpt lon="11.419380" lat="46.288500"/><trkpt lon="11.419490" lat="46.288180"/><trkpt lon="11.419680" lat="46.287940"/><trkpt lon="11.420350" lat="46.287540"/><trkpt lon="11.422320" lat="46.286530"/><trkpt lon="11.422970" lat="46.286140"/><trkpt lon="11.423760" lat="46.285790"/><trkpt lon="11.424310" lat="46.285170"/><trkpt lon="11.425540" lat="46.283730"/><trkpt lon="11.425910" lat="46.283530"/><trkpt lon="11.426530" lat="46.283350"/><trkpt lon="11.429250" lat="46.283080"/><trkpt lon="11.429560" lat="46.283130"/><trkpt lon="11.430100" lat="46.283370"/><trkpt lon="11.430530" lat="46.283590"/><trkpt lon="11.430880" lat="46.283670"/><trkpt lon="11.431340" lat="46.283680"/><trkpt lon="11.432090" lat="46.283610"/><trkpt lon="11.432640" lat="46.283620"/><trkpt lon="11.433310" lat="46.283750"/><trkpt lon="11.433390" lat="46.283770"/><trkpt lon="11.434110" lat="46.284050"/><trkpt lon="11.441000" lat="46.287190"/><trkpt lon="11.442280" lat="46.287710"/><trkpt lon="11.442720" lat="46.287780"/><trkpt lon="11.443830" lat="46.287810"/><trkpt lon="11.444540" lat="46.287900"/><trkpt lon="11.444930" lat="46.288040"/><trkpt lon="11.445130" lat="46.288180"/><trkpt lon="11.445360" lat="46.288470"/><trkpt lon="11.445480" lat="46.288440"/><trkpt lon="11.445590" lat="46.288490"/><trkpt lon="11.445610" lat="46.288600"/><trkpt lon="11.445520" lat="46.288670"/><trkpt lon="11.445880" lat="46.289160"/><trkpt lon="11.446260" lat="46.289310"/><trkpt lon="11.446850" lat="46.289350"/><trkpt lon="11.448300" lat="46.289400"/><trkpt lon="11.448860" lat="46.289330"/><trkpt lon="11.450670" lat="46.288900"/><trkpt lon="11.451250" lat="46.288920"/><trkpt lon="11.451780" lat="46.289050"/><trkpt lon="11.453960" lat="46.289800"/><trkpt lon="11.454320" lat="46.290100"/><trkpt lon="11.455450" lat="46.291940"/><trkpt lon="11.456010" lat="46.292740"/><trkpt lon="11.456100" lat="46.292740"/><trkpt lon="11.456170" lat="46.292780"/><trkpt lon="11.456180" lat="46.292840"/><trkpt lon="11.456120" lat="46.292890"/><trkpt lon="11.456030" lat="46.292900"/><trkpt lon="11.456000" lat="46.293010"/><trkpt lon="11.456050" lat="46.293140"/><trkpt lon="11.456220" lat="46.293210"/><trkpt lon="11.457070" lat="46.293260"/><trkpt lon="11.457360" lat="46.293320"/><trkpt lon="11.457500" lat="46.293390"/><trkpt lon="11.457660" lat="46.293610"/><trkpt lon="11.457650" lat="46.293800"/><trkpt lon="11.457370" lat="46.294060"/><trkpt lon="11.457070" lat="46.294180"/><trkpt lon="11.455380" lat="46.294650"/><trkpt lon="11.454720" lat="46.294730"/><trkpt lon="11.453700" lat="46.294730"/><trkpt lon="11.453340" lat="46.294910"/><trkpt lon="11.453280" lat="46.295040"/><trkpt lon="11.453350" lat="46.295270"/><trkpt lon="11.454010" lat="46.295530"/><trkpt lon="11.455780" lat="46.296020"/><trkpt lon="11.457130" lat="46.296260"/><trkpt lon="11.457550" lat="46.296350"/><trkpt lon="11.457860" lat="46.296520"/><trkpt lon="11.457920" lat="46.296770"/><trkpt lon="11.457660" lat="46.297010"/><trkpt lon="11.457150" lat="46.297130"/><trkpt lon="11.454990" lat="46.297390"/><trkpt lon="11.454800" lat="46.297440"/><trkpt lon="11.454690" lat="46.297550"/><trkpt lon="11.454720" lat="46.297660"/><trkpt lon="11.454880" lat="46.297730"/><trkpt lon="11.456660" lat="46.298060"/><trkpt lon="11.457160" lat="46.298280"/><trkpt lon="11.457690" lat="46.298580"/><trkpt lon="11.457750" lat="46.298720"/><trkpt lon="11.457640" lat="46.298820"/><trkpt lon="11.457400" lat="46.298880"/><trkpt lon="11.454000" lat="46.299260"/><trkpt lon="11.452540" lat="46.299740"/><trkpt lon="11.451790" lat="46.300040"/><trkpt lon="11.451660" lat="46.300250"/><trkpt lon="11.451900" lat="46.300490"/><trkpt lon="11.453140" lat="46.301010"/><trkpt lon="11.453310" lat="46.301180"/><trkpt lon="11.453170" lat="46.301610"/><trkpt lon="11.453280" lat="46.302230"/><trkpt lon="11.454260" lat="46.303030"/><trkpt lon="11.454490" lat="46.303160"/><trkpt lon="11.454960" lat="46.303190"/><trkpt lon="11.455300" lat="46.303020"/><trkpt lon="11.455480" lat="46.302720"/><trkpt lon="11.455620" lat="46.302660"/><trkpt lon="11.455790" lat="46.302700"/><trkpt lon="11.455830" lat="46.302790"/><trkpt lon="11.455860" lat="46.303100"/><trkpt lon="11.456000" lat="46.303330"/><trkpt lon="11.456550" lat="46.304320"/><trkpt lon="11.456660" lat="46.304870"/><trkpt lon="11.456780" lat="46.305060"/><trkpt lon="11.457010" lat="46.305130"/><trkpt lon="11.457960" lat="46.305320"/><trkpt lon="11.458370" lat="46.305830"/><trkpt lon="11.458610" lat="46.306500"/><trkpt lon="11.459320" lat="46.307150"/><trkpt lon="11.459900" lat="46.307580"/><trkpt lon="11.460710" lat="46.307790"/><trkpt lon="11.461000" lat="46.307940"/><trkpt lon="11.461920" lat="46.308620"/><trkpt lon="11.462690" lat="46.308890"/><trkpt lon="11.462890" lat="46.309070"/><trkpt lon="11.462960" lat="46.309260"/><trkpt lon="11.462930" lat="46.309430"/><trkpt lon="11.462740" lat="46.309650"/><trkpt lon="11.462040" lat="46.310010"/><trkpt lon="11.461950" lat="46.310220"/><trkpt lon="11.462390" lat="46.310630"/><trkpt lon="11.462480" lat="46.310890"/><trkpt lon="11.462440" lat="46.311440"/><trkpt lon="11.462610" lat="46.311960"/><trkpt lon="11.462940" lat="46.312270"/><trkpt lon="11.463290" lat="46.312340"/><trkpt lon="11.464080" lat="46.311910"/><trkpt lon="11.464490" lat="46.311850"/><trkpt lon="11.465160" lat="46.311920"/><trkpt lon="11.466710" lat="46.311860"/><trkpt lon="11.467110" lat="46.312250"/><trkpt lon="11.468360" lat="46.312160"/><trkpt lon="11.469450" lat="46.312290"/><trkpt lon="11.469830" lat="46.312500"/><trkpt lon="11.470490" lat="46.312530"/><trkpt lon="11.470830" lat="46.312670"/><trkpt lon="11.471160" lat="46.312730"/><trkpt lon="11.471230" lat="46.312900"/><trkpt lon="11.470980" lat="46.313450"/><trkpt lon="11.471650" lat="46.314460"/><trkpt lon="11.471930" lat="46.314620"/><trkpt lon="11.472540" lat="46.314720"/><trkpt lon="11.474670" lat="46.315150"/><trkpt lon="11.476690" lat="46.316120"/><trkpt lon="11.477790" lat="46.316620"/><trkpt lon="11.479020" lat="46.317200"/><trkpt lon="11.480210" lat="46.318330"/><trkpt lon="11.482230" lat="46.319680"/><trkpt lon="11.483770" lat="46.320970"/><trkpt lon="11.484350" lat="46.322360"/><trkpt lon="11.484240" lat="46.322800"/><trkpt lon="11.484260" lat="46.324150"/><trkpt lon="11.484160" lat="46.325690"/><trkpt lon="11.483770" lat="46.327340"/><trkpt lon="11.483850" lat="46.328450"/><trkpt lon="11.483830" lat="46.328820"/><trkpt lon="11.483660" lat="46.329710"/><trkpt lon="11.483770" lat="46.330160"/><trkpt lon="11.483590" lat="46.330670"/><trkpt lon="11.483940" lat="46.331500"/><trkpt lon="11.484080" lat="46.332540"/><trkpt lon="11.483540" lat="46.334420"/><trkpt lon="11.483640" lat="46.335040"/><trkpt lon="11.484040" lat="46.335750"/><trkpt lon="11.485420" lat="46.337500"/><trkpt lon="11.485400" lat="46.337820"/><trkpt lon="11.484520" lat="46.339250"/><trkpt lon="11.484950" lat="46.340400"/><trkpt lon="11.485240" lat="46.340790"/><trkpt lon="11.485970" lat="46.341440"/><trkpt lon="11.486070" lat="46.341650"/><trkpt lon="11.486490" lat="46.342350"/><trkpt lon="11.487150" lat="46.343430"/><trkpt lon="11.487720" lat="46.344650"/><trkpt lon="11.487770" lat="46.344950"/><trkpt lon="11.487700" lat="46.345710"/><trkpt lon="11.487900" lat="46.346370"/><trkpt lon="11.488290" lat="46.347080"/><trkpt lon="11.488530" lat="46.347260"/><trkpt lon="11.488780" lat="46.347290"/><trkpt lon="11.489160" lat="46.347170"/><trkpt lon="11.489450" lat="46.347180"/><trkpt lon="11.490090" lat="46.347380"/><trkpt lon="11.490540" lat="46.348080"/><trkpt lon="11.491310" lat="46.349540"/><trkpt lon="11.491540" lat="46.349880"/><trkpt lon="11.491500" lat="46.350440"/><trkpt lon="11.491350" lat="46.351280"/><trkpt lon="11.490990" lat="46.352720"/><trkpt lon="11.491190" lat="46.353260"/><trkpt lon="11.491400" lat="46.353520"/><trkpt lon="11.491920" lat="46.353860"/><trkpt lon="11.492310" lat="46.353900"/><trkpt lon="11.492820" lat="46.354000"/><trkpt lon="11.492890" lat="46.354110"/><trkpt lon="11.492790" lat="46.354330"/><trkpt lon="11.492700" lat="46.354440"/><trkpt lon="11.492700" lat="46.354610"/><trkpt lon="11.492850" lat="46.354750"/><trkpt lon="11.493100" lat="46.354830"/><trkpt lon="11.493680" lat="46.354800"/><trkpt lon="11.494080" lat="46.354820"/><trkpt lon="11.494290" lat="46.354950"/><trkpt lon="11.494340" lat="46.355130"/><trkpt lon="11.494270" lat="46.356080"/><trkpt lon="11.494350" lat="46.356200"/><trkpt lon="11.494510" lat="46.356320"/><trkpt lon="11.495350" lat="46.356810"/><trkpt lon="11.495590" lat="46.357030"/><trkpt lon="11.496290" lat="46.357480"/><trkpt lon="11.497100" lat="46.357780"/><trkpt lon="11.497770" lat="46.358320"/><trkpt lon="11.497790" lat="46.358510"/><trkpt lon="11.497680" lat="46.358670"/><trkpt lon="11.497160" lat="46.359080"/><trkpt lon="11.497050" lat="46.359290"/><trkpt lon="11.496960" lat="46.359830"/><trkpt lon="11.497040" lat="46.360000"/><trkpt lon="11.497250" lat="46.360140"/><trkpt lon="11.498990" lat="46.360920"/><trkpt lon="11.499420" lat="46.361000"/><trkpt lon="11.500550" lat="46.361020"/><trkpt lon="11.500860" lat="46.361110"/><trkpt lon="11.501320" lat="46.361620"/><trkpt lon="11.501460" lat="46.362140"/><trkpt lon="11.501630" lat="46.362560"/><trkpt lon="11.501780" lat="46.362650"/><trkpt lon="11.502260" lat="46.362680"/><trkpt lon="11.502690" lat="46.362640"/><trkpt lon="11.503010" lat="46.362640"/><trkpt lon="11.503660" lat="46.363080"/><trkpt lon="11.504530" lat="46.363580"/><trkpt lon="11.505350" lat="46.363840"/><trkpt lon="11.505350" lat="46.363950"/><trkpt lon="11.504870" lat="46.364010"/><trkpt lon="11.504260" lat="46.364060"/><trkpt lon="11.504040" lat="46.364150"/><trkpt lon="11.503740" lat="46.364340"/><trkpt lon="11.503390" lat="46.364340"/><trkpt lon="11.502890" lat="46.364240"/><trkpt lon="11.502470" lat="46.364180"/><trkpt lon="11.501990" lat="46.364260"/><trkpt lon="11.501460" lat="46.364330"/><trkpt lon="11.501120" lat="46.364300"/><trkpt lon="11.500950" lat="46.364320"/><trkpt lon="11.500850" lat="46.364400"/><trkpt lon="11.500710" lat="46.364830"/><trkpt lon="11.500050" lat="46.365440"/><trkpt lon="11.499530" lat="46.365860"/><trkpt lon="11.499290" lat="46.366200"/><trkpt lon="11.499280" lat="46.366670"/><trkpt lon="11.499000" lat="46.367390"/><trkpt lon="11.498920" lat="46.367860"/><trkpt lon="11.499090" lat="46.368180"/><trkpt lon="11.499350" lat="46.368350"/><trkpt lon="11.500240" lat="46.368410"/><trkpt lon="11.500910" lat="46.368410"/><trkpt lon="11.501320" lat="46.368630"/><trkpt lon="11.501680" lat="46.368930"/><trkpt lon="11.502080" lat="46.369030"/><trkpt lon="11.502550" lat="46.368990"/><trkpt lon="11.503400" lat="46.368600"/><trkpt lon="11.504440" lat="46.368090"/><trkpt lon="11.504470" lat="46.367220"/><trkpt lon="11.504830" lat="46.366730"/><trkpt lon="11.505060" lat="46.366640"/><trkpt lon="11.505330" lat="46.366690"/><trkpt lon="11.505640" lat="46.366910"/><trkpt lon="11.506400" lat="46.367100"/><trkpt lon="11.507840" lat="46.367300"/><trkpt lon="11.508220" lat="46.367330"/><trkpt lon="11.508540" lat="46.367300"/><trkpt lon="11.508720" lat="46.367220"/><trkpt lon="11.509080" lat="46.366850"/><trkpt lon="11.509380" lat="46.366640"/><trkpt lon="11.509940" lat="46.366450"/><trkpt lon="11.510370" lat="46.366310"/><trkpt lon="11.510680" lat="46.366300"/><trkpt lon="11.511210" lat="46.366380"/><trkpt lon="11.512070" lat="46.366260"/><trkpt lon="11.512460" lat="46.366310"/><trkpt lon="11.513190" lat="46.366410"/><trkpt lon="11.513560" lat="46.366550"/><trkpt lon="11.514070" lat="46.366610"/><trkpt lon="11.514780" lat="46.366740"/><trkpt lon="11.514940" lat="46.366890"/><trkpt lon="11.514910" lat="46.367100"/><trkpt lon="11.514750" lat="46.367230"/><trkpt lon="11.514530" lat="46.367280"/><trkpt lon="11.513970" lat="46.367300"/><trkpt lon="11.513100" lat="46.367510"/><trkpt lon="11.512100" lat="46.368050"/><trkpt lon="11.510880" lat="46.369140"/><trkpt lon="11.510000" lat="46.369710"/><trkpt lon="11.508970" lat="46.370560"/><trkpt lon="11.508080" lat="46.371040"/><trkpt lon="11.507120" lat="46.372010"/><trkpt lon="11.505800" lat="46.372940"/><trkpt lon="11.504210" lat="46.373900"/><trkpt lon="11.503860" lat="46.374100"/><trkpt lon="11.503280" lat="46.374740"/><trkpt lon="11.502250" lat="46.375650"/><trkpt lon="11.501890" lat="46.376300"/><trkpt lon="11.501240" lat="46.377370"/><trkpt lon="11.500450" lat="46.378790"/><trkpt lon="11.499330" lat="46.380920"/><trkpt lon="11.498940" lat="46.381490"/><trkpt lon="11.498190" lat="46.382250"/><trkpt lon="11.497380" lat="46.383470"/><trkpt lon="11.496840" lat="46.384980"/><trkpt lon="11.496760" lat="46.385780"/><trkpt lon="11.496580" lat="46.386110"/><trkpt lon="11.496420" lat="46.386730"/><trkpt lon="11.496270" lat="46.387160"/><trkpt lon="11.496070" lat="46.387440"/><trkpt lon="11.494860" lat="46.388660"/><trkpt lon="11.493830" lat="46.389260"/><trkpt lon="11.493470" lat="46.389360"/><trkpt lon="11.492920" lat="46.389380"/><trkpt lon="11.492710" lat="46.389420"/><trkpt lon="11.492210" lat="46.389650"/><trkpt lon="11.491900" lat="46.389720"/><trkpt lon="11.491180" lat="46.389610"/><trkpt lon="11.490890" lat="46.389610"/><trkpt lon="11.490260" lat="46.389670"/><trkpt lon="11.489540" lat="46.389570"/><trkpt lon="11.489200" lat="46.389560"/><trkpt lon="11.488910" lat="46.389640"/><trkpt lon="11.488190" lat="46.389940"/><trkpt lon="11.487340" lat="46.390270"/><trkpt lon="11.486970" lat="46.390390"/><trkpt lon="11.486720" lat="46.390390"/><trkpt lon="11.486020" lat="46.390290"/><trkpt lon="11.485750" lat="46.390350"/><trkpt lon="11.485270" lat="46.390620"/><trkpt lon="11.484790" lat="46.390810"/><trkpt lon="11.484260" lat="46.390880"/><trkpt lon="11.483400" lat="46.391000"/><trkpt lon="11.483060" lat="46.391210"/><trkpt lon="11.482770" lat="46.391700"/><trkpt lon="11.482480" lat="46.392000"/><trkpt lon="11.482270" lat="46.392090"/><trkpt lon="11.481240" lat="46.392170"/><trkpt lon="11.480710" lat="46.392260"/><trkpt lon="11.480110" lat="46.392620"/><trkpt lon="11.479760" lat="46.393080"/><trkpt lon="11.479580" lat="46.393510"/><trkpt lon="11.478530" lat="46.394460"/><trkpt lon="11.478390" lat="46.394630"/><trkpt lon="11.477640" lat="46.396800"/><trkpt lon="11.477310" lat="46.397340"/><trkpt lon="11.477030" lat="46.397850"/><trkpt lon="11.477100" lat="46.398360"/><trkpt lon="11.477260" lat="46.398620"/><trkpt lon="11.477820" lat="46.399240"/><trkpt lon="11.477960" lat="46.399640"/><trkpt lon="11.477990" lat="46.400030"/><trkpt lon="11.477600" lat="46.402030"/><trkpt lon="11.477460" lat="46.402970"/><trkpt lon="11.477670" lat="46.403230"/><trkpt lon="11.478380" lat="46.403550"/><trkpt lon="11.478850" lat="46.404000"/><trkpt lon="11.479350" lat="46.404840"/><trkpt lon="11.480480" lat="46.405930"/><trkpt lon="11.481550" lat="46.406450"/><trkpt lon="11.482100" lat="46.406900"/><trkpt lon="11.482400" lat="46.407580"/><trkpt lon="11.482620" lat="46.407920"/><trkpt lon="11.483650" lat="46.408680"/><trkpt lon="11.484830" lat="46.410210"/><trkpt lon="11.485170" lat="46.410860"/><trkpt lon="11.485220" lat="46.411690"/><trkpt lon="11.485380" lat="46.412170"/><trkpt lon="11.486050" lat="46.412860"/><trkpt lon="11.487540" lat="46.414480"/><trkpt lon="11.488120" lat="46.415420"/><trkpt lon="11.488330" lat="46.415570"/><trkpt lon="11.488920" lat="46.415900"/><trkpt lon="11.489510" lat="46.416610"/><trkpt lon="11.489640" lat="46.416880"/><trkpt lon="11.489630" lat="46.417110"/><trkpt lon="11.489360" lat="46.418120"/><trkpt lon="11.487980" lat="46.419670"/><trkpt lon="11.486430" lat="46.420460"/><trkpt lon="11.486240" lat="46.420680"/><trkpt lon="11.485620" lat="46.422040"/><trkpt lon="11.484910" lat="46.422810"/><trkpt lon="11.484580" lat="46.423430"/><trkpt lon="11.484360" lat="46.423670"/><trkpt lon="11.484100" lat="46.423830"/><trkpt lon="11.482120" lat="46.424590"/><trkpt lon="11.482060" lat="46.424690"/><trkpt lon="11.481870" lat="46.424790"/><trkpt lon="11.481110" lat="46.424950"/><trkpt lon="11.480910" lat="46.425030"/><trkpt lon="11.478300" lat="46.427900"/><trkpt lon="11.478140" lat="46.428130"/><trkpt lon="11.477480" lat="46.429550"/><trkpt lon="11.477330" lat="46.430280"/><trkpt lon="11.476840" lat="46.431050"/><trkpt lon="11.476510" lat="46.431420"/><trkpt lon="11.475350" lat="46.432350"/><trkpt lon="11.474790" lat="46.432490"/><trkpt lon="11.472570" lat="46.432890"/><trkpt lon="11.472110" lat="46.433050"/><trkpt lon="11.471570" lat="46.433380"/><trkpt lon="11.470770" lat="46.433940"/><trkpt lon="11.469610" lat="46.434460"/><trkpt lon="11.468630" lat="46.435030"/><trkpt lon="11.468390" lat="46.435260"/><trkpt lon="11.468190" lat="46.435530"/><trkpt lon="11.467470" lat="46.436030"/><trkpt lon="11.467340" lat="46.436180"/><trkpt lon="11.467320" lat="46.436330"/><trkpt lon="11.467450" lat="46.436750"/><trkpt lon="11.467680" lat="46.437130"/><trkpt lon="11.467790" lat="46.437170"/><trkpt lon="11.468410" lat="46.436790"/><trkpt lon="11.469060" lat="46.436200"/><trkpt lon="11.469310" lat="46.436120"/><trkpt lon="11.469400" lat="46.436260"/><trkpt lon="11.468940" lat="46.436570"/><trkpt lon="11.468570" lat="46.437010"/><trkpt lon="11.468430" lat="46.437570"/><trkpt lon="11.467940" lat="46.438250"/><trkpt lon="11.467870" lat="46.438550"/><trkpt lon="11.468110" lat="46.439130"/><trkpt lon="11.468750" lat="46.439870"/><trkpt lon="11.468930" lat="46.440210"/><trkpt lon="11.469130" lat="46.440140"/><trkpt lon="11.469070" lat="46.439960"/><trkpt lon="11.468600" lat="46.438790"/><trkpt lon="11.468660" lat="46.438390"/><trkpt lon="11.469750" lat="46.437340"/><trkpt lon="11.470410" lat="46.437090"/><trkpt lon="11.470700" lat="46.436970"/><trkpt lon="11.471480" lat="46.436560"/><trkpt lon="11.471810" lat="46.436510"/><trkpt lon="11.472070" lat="46.436410"/><trkpt lon="11.472820" lat="46.435780"/><trkpt lon="11.473500" lat="46.435440"/><trkpt lon="11.474930" lat="46.435180"/><trkpt lon="11.476100" lat="46.434680"/><trkpt lon="11.476320" lat="46.434730"/><trkpt lon="11.476200" lat="46.434900"/><trkpt lon="11.475790" lat="46.435010"/><trkpt lon="11.475440" lat="46.435440"/><trkpt lon="11.474470" lat="46.435940"/><trkpt lon="11.474080" lat="46.436040"/><trkpt lon="11.474000" lat="46.436110"/><trkpt lon="11.474070" lat="46.436230"/><trkpt lon="11.474190" lat="46.436240"/><trkpt lon="11.474580" lat="46.436040"/><trkpt lon="11.475380" lat="46.435940"/><trkpt lon="11.475990" lat="46.435870"/><trkpt lon="11.476870" lat="46.435430"/><trkpt lon="11.477030" lat="46.435440"/><trkpt lon="11.477110" lat="46.435530"/><trkpt lon="11.477060" lat="46.435620"/><trkpt lon="11.476810" lat="46.435690"/><trkpt lon="11.476270" lat="46.436160"/><trkpt lon="11.475600" lat="46.436640"/><trkpt lon="11.474320" lat="46.436810"/><trkpt lon="11.474160" lat="46.436850"/><trkpt lon="11.474120" lat="46.436930"/><trkpt lon="11.474210" lat="46.437020"/><trkpt lon="11.474400" lat="46.437030"/><trkpt lon="11.474810" lat="46.436930"/><trkpt lon="11.475480" lat="46.437010"/><trkpt lon="11.476250" lat="46.437040"/><trkpt lon="11.477160" lat="46.436720"/><trkpt lon="11.477430" lat="46.436540"/><trkpt lon="11.477670" lat="46.436520"/><trkpt lon="11.477670" lat="46.436650"/><trkpt lon="11.477320" lat="46.436780"/><trkpt lon="11.476650" lat="46.437380"/><trkpt lon="11.475950" lat="46.437630"/><trkpt lon="11.475600" lat="46.437650"/><trkpt lon="11.475270" lat="46.437560"/><trkpt lon="11.475120" lat="46.437580"/><trkpt lon="11.475100" lat="46.437670"/><trkpt lon="11.475160" lat="46.437740"/><trkpt lon="11.476840" lat="46.437790"/><trkpt lon="11.478130" lat="46.437460"/><trkpt lon="11.478790" lat="46.437120"/><trkpt lon="11.478960" lat="46.437120"/><trkpt lon="11.479030" lat="46.437220"/><trkpt lon="11.478900" lat="46.437290"/><trkpt lon="11.478370" lat="46.437660"/><trkpt lon="11.477510" lat="46.438200"/><trkpt lon="11.477080" lat="46.438300"/><trkpt lon="11.476770" lat="46.438400"/><trkpt lon="11.476370" lat="46.438620"/><trkpt lon="11.476280" lat="46.438690"/><trkpt lon="11.476290" lat="46.438760"/><trkpt lon="11.476410" lat="46.438840"/><trkpt lon="11.476810" lat="46.438990"/><trkpt lon="11.477060" lat="46.439100"/><trkpt lon="11.477190" lat="46.439210"/><trkpt lon="11.477330" lat="46.439380"/><trkpt lon="11.477440" lat="46.439410"/><trkpt lon="11.477550" lat="46.439350"/><trkpt lon="11.477420" lat="46.439130"/><trkpt lon="11.477330" lat="46.438900"/><trkpt lon="11.477380" lat="46.438820"/><trkpt lon="11.477520" lat="46.438750"/><trkpt lon="11.477870" lat="46.438660"/><trkpt lon="11.478850" lat="46.438410"/><trkpt lon="11.479170" lat="46.438290"/><trkpt lon="11.479800" lat="46.437890"/><trkpt lon="11.479910" lat="46.437870"/><trkpt lon="11.480000" lat="46.437900"/><trkpt lon="11.480030" lat="46.437960"/><trkpt lon="11.480000" lat="46.438020"/><trkpt lon="11.479730" lat="46.438100"/><trkpt lon="11.479580" lat="46.438200"/><trkpt lon="11.479010" lat="46.438680"/><trkpt lon="11.478880" lat="46.438860"/><trkpt lon="11.478840" lat="46.439040"/><trkpt lon="11.478960" lat="46.439240"/><trkpt lon="11.479290" lat="46.439550"/><trkpt lon="11.479630" lat="46.439630"/><trkpt lon="11.479860" lat="46.439630"/><trkpt lon="11.480120" lat="46.439630"/><trkpt lon="11.479860" lat="46.439630"/><trkpt lon="11.479640" lat="46.439430"/><trkpt lon="11.479550" lat="46.439340"/><trkpt lon="11.479520" lat="46.439220"/><trkpt lon="11.479630" lat="46.438900"/><trkpt lon="11.479790" lat="46.438700"/><trkpt lon="11.480210" lat="46.438360"/><trkpt lon="11.480920" lat="46.437870"/><trkpt lon="11.481710" lat="46.437180"/><trkpt lon="11.481970" lat="46.437050"/><trkpt lon="11.482090" lat="46.436850"/><trkpt lon="11.482150" lat="46.436580"/><trkpt lon="11.482770" lat="46.436020"/><trkpt lon="11.482870" lat="46.435830"/><trkpt lon="11.482850" lat="46.435360"/><trkpt lon="11.482950" lat="46.434880"/><trkpt lon="11.483140" lat="46.434650"/><trkpt lon="11.483570" lat="46.434430"/><trkpt lon="11.483960" lat="46.434410"/><trkpt lon="11.484250" lat="46.434370"/><trkpt lon="11.484370" lat="46.434210"/><trkpt lon="11.484330" lat="46.433950"/><trkpt lon="11.484040" lat="46.433550"/><trkpt lon="11.484020" lat="46.433070"/><trkpt lon="11.483870" lat="46.432450"/><trkpt lon="11.483930" lat="46.432150"/><trkpt lon="11.484040" lat="46.431840"/><trkpt lon="11.483800" lat="46.431480"/><trkpt lon="11.483860" lat="46.431220"/><trkpt lon="11.485410" lat="46.430600"/><trkpt lon="11.485900" lat="46.430440"/><trkpt lon="11.486790" lat="46.430290"/><trkpt lon="11.488540" lat="46.430130"/><trkpt lon="11.489110" lat="46.429970"/><trkpt lon="11.489500" lat="46.429900"/><trkpt lon="11.489850" lat="46.429690"/><trkpt lon="11.490190" lat="46.429650"/><trkpt lon="11.490750" lat="46.429730"/><trkpt lon="11.491080" lat="46.429710"/><trkpt lon="11.491290" lat="46.429550"/><trkpt lon="11.491490" lat="46.429240"/><trkpt lon="11.492000" lat="46.429160"/><trkpt lon="11.493750" lat="46.429250"/><trkpt lon="11.494230" lat="46.429370"/><trkpt lon="11.494570" lat="46.429350"/><trkpt lon="11.494930" lat="46.429210"/><trkpt lon="11.495370" lat="46.429190"/><trkpt lon="11.496070" lat="46.429430"/><trkpt lon="11.496440" lat="46.429510"/><trkpt lon="11.497140" lat="46.429350"/><trkpt lon="11.498870" lat="46.429150"/><trkpt lon="11.500030" lat="46.429200"/><trkpt lon="11.501630" lat="46.428960"/><trkpt lon="11.502310" lat="46.428930"/><trkpt lon="11.502780" lat="46.429000"/><trkpt lon="11.503250" lat="46.429110"/><trkpt lon="11.503980" lat="46.429070"/><trkpt lon="11.505230" lat="46.429080"/><trkpt lon="11.506360" lat="46.429080"/><trkpt lon="11.508410" lat="46.428960"/><trkpt lon="11.509570" lat="46.428970"/><trkpt lon="11.511010" lat="46.429160"/><trkpt lon="11.511480" lat="46.429430"/><trkpt lon="11.511710" lat="46.429510"/><trkpt lon="11.512140" lat="46.429540"/><trkpt lon="11.512320" lat="46.429620"/><trkpt lon="11.512680" lat="46.430040"/><trkpt lon="11.512850" lat="46.430100"/><trkpt lon="11.513000" lat="46.430090"/><trkpt lon="11.513960" lat="46.429760"/><trkpt lon="11.516080" lat="46.430000"/><trkpt lon="11.517430" lat="46.430830"/><trkpt lon="11.518630" lat="46.431470"/><trkpt lon="11.518840" lat="46.431540"/><trkpt lon="11.519040" lat="46.431530"/><trkpt lon="11.519200" lat="46.431430"/><trkpt lon="11.519270" lat="46.431280"/><trkpt lon="11.519310" lat="46.431070"/><trkpt lon="11.519450" lat="46.430940"/><trkpt lon="11.519730" lat="46.430830"/><trkpt lon="11.519990" lat="46.430800"/><trkpt lon="11.520220" lat="46.430830"/><trkpt lon="11.520640" lat="46.430820"/><trkpt lon="11.521040" lat="46.430690"/><trkpt lon="11.521500" lat="46.430630"/><trkpt lon="11.523150" lat="46.430400"/><trkpt lon="11.524720" lat="46.430200"/><trkpt lon="11.525370" lat="46.429860"/><trkpt lon="11.525620" lat="46.429810"/><trkpt lon="11.526030" lat="46.429810"/><trkpt lon="11.526320" lat="46.429760"/><trkpt lon="11.527520" lat="46.429420"/><trkpt lon="11.527990" lat="46.429210"/><trkpt lon="11.527950" lat="46.429110"/><trkpt lon="11.528310" lat="46.428940"/><trkpt lon="11.529330" lat="46.428590"/><trkpt lon="11.530220" lat="46.428430"/><trkpt lon="11.530990" lat="46.428360"/><trkpt lon="11.532310" lat="46.428430"/><trkpt lon="11.533120" lat="46.428540"/><trkpt lon="11.533630" lat="46.428470"/><trkpt lon="11.534020" lat="46.428530"/><trkpt lon="11.534740" lat="46.427970"/><trkpt lon="11.535450" lat="46.427680"/><trkpt lon="11.536070" lat="46.427690"/><trkpt lon="11.537860" lat="46.427400"/><trkpt lon="11.538090" lat="46.427400"/><trkpt lon="11.538360" lat="46.427470"/><trkpt lon="11.539460" lat="46.428390"/><trkpt lon="11.540420" lat="46.429170"/><trkpt lon="11.541160" lat="46.429450"/><trkpt lon="11.541270" lat="46.429520"/><trkpt lon="11.541730" lat="46.430270"/><trkpt lon="11.541990" lat="46.430750"/><trkpt lon="11.542240" lat="46.430890"/><trkpt lon="11.542730" lat="46.431060"/><trkpt lon="11.543320" lat="46.431070"/><trkpt lon="11.543510" lat="46.431030"/><trkpt lon="11.543660" lat="46.430920"/><trkpt lon="11.543710" lat="46.430800"/><trkpt lon="11.543680" lat="46.430690"/><trkpt lon="11.542690" lat="46.429810"/><trkpt lon="11.542610" lat="46.429640"/><trkpt lon="11.542660" lat="46.429480"/><trkpt lon="11.544580" lat="46.428510"/><trkpt lon="11.546090" lat="46.427770"/><trkpt lon="11.547680" lat="46.427070"/><trkpt lon="11.548630" lat="46.426480"/><trkpt lon="11.549070" lat="46.426330"/><trkpt lon="11.550510" lat="46.425510"/><trkpt lon="11.551880" lat="46.425010"/><trkpt lon="11.552320" lat="46.424710"/><trkpt lon="11.553070" lat="46.424410"/><trkpt lon="11.553380" lat="46.424200"/><trkpt lon="11.554750" lat="46.423760"/><trkpt lon="11.556000" lat="46.422360"/><trkpt lon="11.556310" lat="46.422120"/><trkpt lon="11.557410" lat="46.421820"/><trkpt lon="11.558450" lat="46.421550"/><trkpt lon="11.558600" lat="46.421340"/><trkpt lon="11.558490" lat="46.421080"/><trkpt lon="11.557970" lat="46.420690"/><trkpt lon="11.557930" lat="46.420480"/><trkpt lon="11.558230" lat="46.420320"/><trkpt lon="11.560170" lat="46.420970"/><trkpt lon="11.560350" lat="46.421000"/><trkpt lon="11.560540" lat="46.420960"/><trkpt lon="11.561200" lat="46.420590"/><trkpt lon="11.561600" lat="46.420350"/><trkpt lon="11.562620" lat="46.420060"/><trkpt lon="11.563310" lat="46.419650"/><trkpt lon="11.563540" lat="46.419570"/><trkpt lon="11.564280" lat="46.419420"/><trkpt lon="11.564430" lat="46.419310"/><trkpt lon="11.564780" lat="46.418920"/><trkpt lon="11.565410" lat="46.418580"/><trkpt lon="11.566020" lat="46.418090"/><trkpt lon="11.566700" lat="46.417670"/><trkpt lon="11.567990" lat="46.417210"/><trkpt lon="11.568320" lat="46.417020"/><trkpt lon="11.569270" lat="46.416670"/><trkpt lon="11.569500" lat="46.416500"/><trkpt lon="11.569490" lat="46.416270"/><trkpt lon="11.569340" lat="46.416140"/><trkpt lon="11.569170" lat="46.416080"/><trkpt lon="11.568860" lat="46.416090"/><trkpt lon="11.566530" lat="46.416570"/><trkpt lon="11.566330" lat="46.416560"/><trkpt lon="11.566160" lat="46.416410"/><trkpt lon="11.566240" lat="46.416210"/><trkpt lon="11.566590" lat="46.415910"/><trkpt lon="11.566940" lat="46.415270"/><trkpt lon="11.567270" lat="46.415120"/><trkpt lon="11.567370" lat="46.415040"/><trkpt lon="11.567330" lat="46.414860"/><trkpt lon="11.567160" lat="46.414800"/><trkpt lon="11.565800" lat="46.414580"/><trkpt lon="11.565350" lat="46.414550"/><trkpt lon="11.564770" lat="46.414630"/><trkpt lon="11.564000" lat="46.414200"/><trkpt lon="11.563910" lat="46.414010"/><trkpt lon="11.564030" lat="46.413780"/><trkpt lon="11.565780" lat="46.412180"/><trkpt lon="11.566080" lat="46.411740"/><trkpt lon="11.566580" lat="46.411300"/><trkpt lon="11.566870" lat="46.410960"/><trkpt lon="11.567030" lat="46.411000"/><trkpt lon="11.567020" lat="46.411090"/><trkpt lon="11.566680" lat="46.411430"/><trkpt lon="11.566590" lat="46.412130"/><trkpt lon="11.566770" lat="46.412230"/><trkpt lon="11.567140" lat="46.412140"/><trkpt lon="11.567760" lat="46.411950"/><trkpt lon="11.568100" lat="46.411930"/><trkpt lon="11.568770" lat="46.411990"/><trkpt lon="11.569050" lat="46.411920"/><trkpt lon="11.569330" lat="46.411720"/><trkpt lon="11.570250" lat="46.410950"/><trkpt lon="11.571010" lat="46.410480"/><trkpt lon="11.572580" lat="46.409300"/><trkpt lon="11.572850" lat="46.409200"/><trkpt lon="11.573140" lat="46.409170"/><trkpt lon="11.573460" lat="46.409230"/><trkpt lon="11.573980" lat="46.409650"/><trkpt lon="11.574640" lat="46.410080"/><trkpt lon="11.575130" lat="46.410290"/><trkpt lon="11.575590" lat="46.410470"/><trkpt lon="11.575810" lat="46.410500"/><trkpt lon="11.576850" lat="46.410480"/><trkpt lon="11.577070" lat="46.410440"/><trkpt lon="11.577990" lat="46.410030"/><trkpt lon="11.578130" lat="46.409930"/><trkpt lon="11.578270" lat="46.409600"/><trkpt lon="11.578330" lat="46.409540"/><trkpt lon="11.578430" lat="46.409530"/><trkpt lon="11.578530" lat="46.409580"/><trkpt lon="11.578520" lat="46.409680"/><trkpt lon="11.578350" lat="46.409980"/><trkpt lon="11.578190" lat="46.410810"/><trkpt lon="11.577990" lat="46.411210"/><trkpt lon="11.578010" lat="46.411360"/><trkpt lon="11.578120" lat="46.411440"/><trkpt lon="11.578280" lat="46.411450"/><trkpt lon="11.578660" lat="46.411290"/><trkpt lon="11.580850" lat="46.410040"/><trkpt lon="11.581120" lat="46.409790"/><trkpt lon="11.581980" lat="46.408460"/><trkpt lon="11.582400" lat="46.408120"/><trkpt lon="11.582880" lat="46.407550"/><trkpt lon="11.583330" lat="46.406880"/><trkpt lon="11.584160" lat="46.406480"/><trkpt lon="11.584760" lat="46.406240"/><trkpt lon="11.585120" lat="46.406190"/><trkpt lon="11.586630" lat="46.406110"/><trkpt lon="11.586920" lat="46.406180"/><trkpt lon="11.588070" lat="46.406710"/><trkpt lon="11.588670" lat="46.406820"/><trkpt lon="11.589170" lat="46.406840"/><trkpt lon="11.590210" lat="46.406680"/><trkpt lon="11.590590" lat="46.406670"/><trkpt lon="11.592290" lat="46.406810"/><trkpt lon="11.593220" lat="46.406810"/><trkpt lon="11.593860" lat="46.406790"/><trkpt lon="11.594220" lat="46.406850"/><trkpt lon="11.594650" lat="46.407080"/><trkpt lon="11.595040" lat="46.407340"/><trkpt lon="11.595540" lat="46.407510"/><trkpt lon="11.597320" lat="46.407710"/><trkpt lon="11.599600" lat="46.407390"/><trkpt lon="11.602640" lat="46.407520"/><trkpt lon="11.602910" lat="46.407480"/><trkpt lon="11.603090" lat="46.407380"/><trkpt lon="11.603790" lat="46.406420"/><trkpt lon="11.604040" lat="46.406280"/><trkpt lon="11.604350" lat="46.406320"/><trkpt lon="11.604800" lat="46.406810"/><trkpt lon="11.605100" lat="46.406960"/><trkpt lon="11.605390" lat="46.406920"/><trkpt lon="11.605600" lat="46.406740"/><trkpt lon="11.606000" lat="46.406150"/><trkpt lon="11.606560" lat="46.405860"/><trkpt lon="11.606980" lat="46.405620"/><trkpt lon="11.607520" lat="46.404990"/><trkpt lon="11.608220" lat="46.404590"/><trkpt lon="11.608990" lat="46.404280"/><trkpt lon="11.610470" lat="46.404140"/><trkpt lon="11.612430" lat="46.404020"/><trkpt lon="11.614390" lat="46.404590"/><trkpt lon="11.614670" lat="46.404640"/><trkpt lon="11.614930" lat="46.404620"/><trkpt lon="11.615450" lat="46.404390"/><trkpt lon="11.616080" lat="46.403700"/><trkpt lon="11.616840" lat="46.402790"/><trkpt lon="11.617120" lat="46.402740"/><trkpt lon="11.620230" lat="46.402530"/><trkpt lon="11.620410" lat="46.402590"/><trkpt lon="11.620520" lat="46.402670"/><trkpt lon="11.620550" lat="46.403220"/><trkpt lon="11.620650" lat="46.403470"/><trkpt lon="11.620940" lat="46.403730"/><trkpt lon="11.621280" lat="46.403900"/><trkpt lon="11.621610" lat="46.403970"/><trkpt lon="11.622020" lat="46.404000"/><trkpt lon="11.622280" lat="46.403980"/><trkpt lon="11.622500" lat="46.403860"/><trkpt lon="11.622990" lat="46.403120"/><trkpt lon="11.623360" lat="46.402880"/><trkpt lon="11.623740" lat="46.402410"/><trkpt lon="11.623940" lat="46.402300"/><trkpt lon="11.626190" lat="46.401940"/><trkpt lon="11.626460" lat="46.402000"/><trkpt lon="11.626660" lat="46.402220"/><trkpt lon="11.626600" lat="46.402820"/><trkpt lon="11.626600" lat="46.402930"/><trkpt lon="11.626720" lat="46.403040"/><trkpt lon="11.626990" lat="46.403080"/><trkpt lon="11.628120" lat="46.403030"/><trkpt lon="11.628340" lat="46.402940"/><trkpt lon="11.628950" lat="46.402520"/><trkpt lon="11.630220" lat="46.402050"/><trkpt lon="11.630700" lat="46.402070"/><trkpt lon="11.631240" lat="46.402200"/><trkpt lon="11.632940" lat="46.403350"/><trkpt lon="11.633280" lat="46.403460"/><trkpt lon="11.633590" lat="46.403480"/><trkpt lon="11.634920" lat="46.403340"/><trkpt lon="11.635220" lat="46.403420"/><trkpt lon="11.635600" lat="46.403640"/><trkpt lon="11.636260" lat="46.404880"/><trkpt lon="11.636270" lat="46.405050"/><trkpt lon="11.635990" lat="46.405560"/><trkpt lon="11.635850" lat="46.405950"/><trkpt lon="11.636000" lat="46.406700"/><trkpt lon="11.636110" lat="46.406790"/><trkpt lon="11.636410" lat="46.406830"/><trkpt lon="11.637160" lat="46.406600"/><trkpt lon="11.637330" lat="46.406620"/><trkpt lon="11.637450" lat="46.406680"/><trkpt lon="11.637550" lat="46.406810"/><trkpt lon="11.637680" lat="46.407670"/><trkpt lon="11.637870" lat="46.407780"/><trkpt lon="11.638260" lat="46.407840"/><trkpt lon="11.638640" lat="46.407810"/><trkpt lon="11.639830" lat="46.407220"/><trkpt lon="11.640090" lat="46.407170"/><trkpt lon="11.641210" lat="46.407350"/><trkpt lon="11.641490" lat="46.407290"/><trkpt lon="11.641600" lat="46.407150"/><trkpt lon="11.641180" lat="46.406140"/><trkpt lon="11.641150" lat="46.405630"/><trkpt lon="11.641110" lat="46.405480"/><trkpt lon="11.640830" lat="46.405180"/><trkpt lon="11.640830" lat="46.404900"/><trkpt lon="11.641030" lat="46.404460"/><trkpt lon="11.641230" lat="46.404250"/><trkpt lon="11.641800" lat="46.403860"/><trkpt lon="11.642540" lat="46.403650"/><trkpt lon="11.642700" lat="46.403650"/><trkpt lon="11.642840" lat="46.403730"/><trkpt lon="11.643220" lat="46.404050"/><trkpt lon="11.643400" lat="46.404410"/><trkpt lon="11.643540" lat="46.405150"/><trkpt lon="11.643440" lat="46.405260"/><trkpt lon="11.642440" lat="46.406020"/><trkpt lon="11.642410" lat="46.406230"/><trkpt lon="11.642480" lat="46.406370"/><trkpt lon="11.642890" lat="46.406520"/><trkpt lon="11.643070" lat="46.406500"/><trkpt lon="11.643730" lat="46.406300"/><trkpt lon="11.644130" lat="46.406430"/><trkpt lon="11.644250" lat="46.406440"/><trkpt lon="11.644430" lat="46.406390"/><trkpt lon="11.644910" lat="46.406200"/><trkpt lon="11.646890" lat="46.406130"/><trkpt lon="11.647490" lat="46.405770"/><trkpt lon="11.647890" lat="46.405670"/><trkpt lon="11.649670" lat="46.405850"/><trkpt lon="11.649990" lat="46.405980"/><trkpt lon="11.650440" lat="46.406550"/><trkpt lon="11.650420" lat="46.406770"/><trkpt lon="11.649930" lat="46.407120"/><trkpt lon="11.649650" lat="46.407350"/><trkpt lon="11.649680" lat="46.407550"/><trkpt lon="11.650180" lat="46.408290"/><trkpt lon="11.650430" lat="46.408260"/><trkpt lon="11.651010" lat="46.408100"/><trkpt lon="11.651280" lat="46.408100"/><trkpt lon="11.652710" lat="46.408840"/><trkpt lon="11.653080" lat="46.409110"/><trkpt lon="11.653590" lat="46.409890"/><trkpt lon="11.653590" lat="46.410140"/><trkpt lon="11.653450" lat="46.410330"/><trkpt lon="11.652740" lat="46.411010"/><trkpt lon="11.651800" lat="46.411650"/><trkpt lon="11.651680" lat="46.411850"/><trkpt lon="11.651960" lat="46.412030"/><trkpt lon="11.652300" lat="46.412020"/><trkpt lon="11.653000" lat="46.411910"/><trkpt lon="11.653200" lat="46.412050"/><trkpt lon="11.653570" lat="46.412810"/><trkpt lon="11.653780" lat="46.412850"/><trkpt lon="11.653940" lat="46.412800"/><trkpt lon="11.654340" lat="46.412470"/><trkpt lon="11.655090" lat="46.412700"/><trkpt lon="11.655360" lat="46.412710"/><trkpt lon="11.655620" lat="46.412640"/><trkpt lon="11.656100" lat="46.412340"/><trkpt lon="11.656980" lat="46.412210"/><trkpt lon="11.657450" lat="46.412000"/><trkpt lon="11.658090" lat="46.411550"/><trkpt lon="11.658700" lat="46.411800"/><trkpt lon="11.658970" lat="46.411780"/><trkpt lon="11.659400" lat="46.411470"/><trkpt lon="11.659680" lat="46.411470"/><trkpt lon="11.659980" lat="46.411640"/><trkpt lon="11.660680" lat="46.412280"/><trkpt lon="11.661090" lat="46.412470"/><trkpt lon="11.662700" lat="46.412700"/><trkpt lon="11.663210" lat="46.412550"/><trkpt lon="11.664330" lat="46.411940"/><trkpt lon="11.664820" lat="46.412030"/><trkpt lon="11.666500" lat="46.412980"/><trkpt lon="11.668570" lat="46.415010"/><trkpt lon="11.669540" lat="46.416100"/><trkpt lon="11.669730" lat="46.416290"/><trkpt lon="11.669910" lat="46.416560"/><trkpt lon="11.670170" lat="46.417320"/><trkpt lon="11.670110" lat="46.417580"/><trkpt lon="11.669700" lat="46.418000"/><trkpt lon="11.669440" lat="46.418420"/><trkpt lon="11.669190" lat="46.418950"/><trkpt lon="11.669210" lat="46.419150"/><trkpt lon="11.669390" lat="46.419330"/><trkpt lon="11.669750" lat="46.419300"/><trkpt lon="11.669900" lat="46.419230"/><trkpt lon="11.670040" lat="46.419310"/><trkpt lon="11.670880" lat="46.419020"/><trkpt lon="11.671070" lat="46.418860"/><trkpt lon="11.671000" lat="46.418270"/><trkpt lon="11.670900" lat="46.417760"/><trkpt lon="11.671050" lat="46.417560"/><trkpt lon="11.671530" lat="46.417410"/><trkpt lon="11.671930" lat="46.417450"/><trkpt lon="11.672610" lat="46.417770"/><trkpt lon="11.673290" lat="46.418110"/><trkpt lon="11.673500" lat="46.418170"/><trkpt lon="11.673740" lat="46.418160"/><trkpt lon="11.674210" lat="46.418010"/><trkpt lon="11.674440" lat="46.417880"/><trkpt lon="11.674580" lat="46.417840"/><trkpt lon="11.674910" lat="46.417870"/><trkpt lon="11.675430" lat="46.417860"/><trkpt lon="11.677920" lat="46.418520"/><trkpt lon="11.679830" lat="46.419090"/><trkpt lon="11.680100" lat="46.419120"/><trkpt lon="11.680370" lat="46.419060"/><trkpt lon="11.680470" lat="46.419060"/><trkpt lon="11.680550" lat="46.419100"/><trkpt lon="11.680680" lat="46.419390"/><trkpt lon="11.680820" lat="46.419680"/><trkpt lon="11.681590" lat="46.420620"/><trkpt lon="11.682200" lat="46.421350"/><trkpt lon="11.682390" lat="46.421770"/><trkpt lon="11.682820" lat="46.424710"/><trkpt lon="11.682810" lat="46.425280"/><trkpt lon="11.682670" lat="46.426450"/><trkpt lon="11.682840" lat="46.427150"/><trkpt lon="11.682980" lat="46.427650"/><trkpt lon="11.683720" lat="46.428130"/><trkpt lon="11.684350" lat="46.428410"/><trkpt lon="11.685100" lat="46.428860"/><trkpt lon="11.685760" lat="46.429730"/><trkpt lon="11.685780" lat="46.429990"/><trkpt lon="11.685820" lat="46.430190"/><trkpt lon="11.685800" lat="46.430280"/><trkpt lon="11.685670" lat="46.430460"/><trkpt lon="11.685780" lat="46.430780"/><trkpt lon="11.686150" lat="46.431320"/><trkpt lon="11.687550" lat="46.433360"/><trkpt lon="11.688100" lat="46.433840"/><trkpt lon="11.690140" lat="46.435560"/><trkpt lon="11.690740" lat="46.436190"/><trkpt lon="11.692060" lat="46.437920"/><trkpt lon="11.692260" lat="46.438150"/><trkpt lon="11.692920" lat="46.438750"/><trkpt lon="11.695560" lat="46.440430"/><trkpt lon="11.695770" lat="46.440610"/><trkpt lon="11.695840" lat="46.440920"/><trkpt lon="11.695800" lat="46.441090"/><trkpt lon="11.695550" lat="46.441410"/><trkpt lon="11.695370" lat="46.441710"/><trkpt lon="11.695720" lat="46.443350"/><trkpt lon="11.696020" lat="46.444390"/><trkpt lon="11.696530" lat="46.445840"/><trkpt lon="11.696790" lat="46.446790"/><trkpt lon="11.696920" lat="46.447200"/><trkpt lon="11.697030" lat="46.447300"/><trkpt lon="11.697050" lat="46.447400"/><trkpt lon="11.696980" lat="46.447490"/><trkpt lon="11.697110" lat="46.447980"/><trkpt lon="11.697220" lat="46.448230"/><trkpt lon="11.697780" lat="46.450240"/><trkpt lon="11.698440" lat="46.451460"/><trkpt lon="11.699000" lat="46.453090"/><trkpt lon="11.699730" lat="46.456170"/><trkpt lon="11.700110" lat="46.456570"/><trkpt lon="11.700920" lat="46.457010"/><trkpt lon="11.701180" lat="46.457280"/><trkpt lon="11.701350" lat="46.458160"/><trkpt lon="11.701580" lat="46.458570"/><trkpt lon="11.701970" lat="46.458890"/><trkpt lon="11.702640" lat="46.459260"/><trkpt lon="11.703180" lat="46.459420"/><trkpt lon="11.705980" lat="46.459590"/><trkpt lon="11.706610" lat="46.459710"/><trkpt lon="11.708980" lat="46.460530"/><trkpt lon="11.710080" lat="46.461010"/><trkpt lon="11.713070" lat="46.462040"/><trkpt lon="11.714340" lat="46.462470"/><trkpt lon="11.715740" lat="46.463280"/><trkpt lon="11.716120" lat="46.463730"/><trkpt lon="11.717150" lat="46.465090"/><trkpt lon="11.719860" lat="46.465870"/><trkpt lon="11.722700" lat="46.467780"/><trkpt lon="11.723380" lat="46.468120"/><trkpt lon="11.725000" lat="46.468540"/><trkpt lon="11.725440" lat="46.468830"/><trkpt lon="11.726110" lat="46.469310"/><trkpt lon="11.728820" lat="46.470000"/><trkpt lon="11.729660" lat="46.470610"/><trkpt lon="11.730230" lat="46.471140"/><trkpt lon="11.731170" lat="46.472390"/><trkpt lon="11.731740" lat="46.472670"/><trkpt lon="11.734780" lat="46.473460"/><trkpt lon="11.735100" lat="46.473490"/><trkpt lon="11.736430" lat="46.473400"/><trkpt lon="11.736790" lat="46.473480"/><trkpt lon="11.737840" lat="46.474080"/><trkpt lon="11.738770" lat="46.474670"/><trkpt lon="11.740100" lat="46.475930"/><trkpt lon="11.740360" lat="46.476120"/><trkpt lon="11.740670" lat="46.476240"/><trkpt lon="11.742200" lat="46.476550"/><trkpt lon="11.743840" lat="46.476810"/><trkpt lon="11.744390" lat="46.476740"/><trkpt lon="11.744750" lat="46.476730"/><trkpt lon="11.745160" lat="46.476810"/><trkpt lon="11.745900" lat="46.477060"/><trkpt lon="11.747420" lat="46.477420"/><trkpt lon="11.748290" lat="46.477760"/><trkpt lon="11.749090" lat="46.478210"/><trkpt lon="11.752080" lat="46.479190"/><trkpt lon="11.753360" lat="46.479310"/><trkpt lon="11.754040" lat="46.479080"/><trkpt lon="11.754680" lat="46.478850"/><trkpt lon="11.755110" lat="46.478850"/><trkpt lon="11.756090" lat="46.479110"/><trkpt lon="11.756640" lat="46.479120"/><trkpt lon="11.757610" lat="46.478880"/><trkpt lon="11.758060" lat="46.478900"/><trkpt lon="11.760300" lat="46.479510"/><trkpt lon="11.761550" lat="46.479440"/><trkpt lon="11.761890" lat="46.479360"/><trkpt lon="11.762180" lat="46.479180"/><trkpt lon="11.762700" lat="46.478650"/><trkpt lon="11.763100" lat="46.478460"/><trkpt lon="11.763400" lat="46.478230"/><trkpt lon="11.764120" lat="46.477870"/><trkpt lon="11.765010" lat="46.477680"/><trkpt lon="11.765720" lat="46.477370"/><trkpt lon="11.766060" lat="46.477260"/><trkpt lon="11.767720" lat="46.477360"/><trkpt lon="11.768110" lat="46.477420"/><trkpt lon="11.768600" lat="46.477550"/><trkpt lon="11.769060" lat="46.477470"/><trkpt lon="11.770200" lat="46.477120"/><trkpt lon="11.770570" lat="46.476650"/><trkpt lon="11.770860" lat="46.476340"/><trkpt lon="11.772310" lat="46.475470"/><trkpt lon="11.774210" lat="46.474290"/><trkpt lon="11.776650" lat="46.472710"/><trkpt lon="11.776710" lat="46.472490"/><trkpt lon="11.776740" lat="46.472400"/><trkpt lon="11.776840" lat="46.472340"/><trkpt lon="11.776970" lat="46.472330"/><trkpt lon="11.777080" lat="46.472380"/><trkpt lon="11.777130" lat="46.472460"/><trkpt lon="11.777160" lat="46.472630"/><trkpt lon="11.777080" lat="46.473640"/><trkpt lon="11.776700" lat="46.474260"/><trkpt lon="11.776260" lat="46.474490"/><trkpt lon="11.775900" lat="46.474880"/><trkpt lon="11.775840" lat="46.475120"/><trkpt lon="11.775350" lat="46.475730"/><trkpt lon="11.775050" lat="46.475920"/><trkpt lon="11.774970" lat="46.476060"/><trkpt lon="11.775010" lat="46.476100"/><trkpt lon="11.775150" lat="46.476110"/><trkpt lon="11.775400" lat="46.475910"/><trkpt lon="11.776030" lat="46.475490"/><trkpt lon="11.776330" lat="46.475430"/><trkpt lon="11.776520" lat="46.475130"/><trkpt lon="11.776490" lat="46.474880"/><trkpt lon="11.777360" lat="46.474540"/><trkpt lon="11.777840" lat="46.474230"/><trkpt lon="11.778110" lat="46.473890"/><trkpt lon="11.778320" lat="46.473780"/><trkpt lon="11.778480" lat="46.473830"/><trkpt lon="11.778470" lat="46.473950"/><trkpt lon="11.777730" lat="46.474590"/><trkpt lon="11.777520" lat="46.474990"/><trkpt lon="11.777570" lat="46.475490"/><trkpt lon="11.777490" lat="46.476030"/><trkpt lon="11.777080" lat="46.476460"/><trkpt lon="11.776910" lat="46.477020"/><trkpt lon="11.776770" lat="46.477830"/><trkpt lon="11.776530" lat="46.477970"/><trkpt lon="11.776430" lat="46.478100"/><trkpt lon="11.776470" lat="46.478170"/><trkpt lon="11.776620" lat="46.478220"/><trkpt lon="11.776820" lat="46.478200"/><trkpt lon="11.777140" lat="46.477720"/><trkpt lon="11.777160" lat="46.477420"/><trkpt lon="11.777140" lat="46.477260"/><trkpt lon="11.777270" lat="46.477200"/><trkpt lon="11.777400" lat="46.477260"/><trkpt lon="11.777350" lat="46.477540"/><trkpt lon="11.777370" lat="46.478040"/><trkpt lon="11.777540" lat="46.478400"/><trkpt lon="11.777690" lat="46.478530"/><trkpt lon="11.777800" lat="46.478510"/><trkpt lon="11.777840" lat="46.478470"/><trkpt lon="11.777620" lat="46.478220"/><trkpt lon="11.777610" lat="46.478090"/><trkpt lon="11.777810" lat="46.477750"/><trkpt lon="11.777810" lat="46.477280"/><trkpt lon="11.777840" lat="46.477200"/><trkpt lon="11.777930" lat="46.477180"/><trkpt lon="11.778050" lat="46.477240"/><trkpt lon="11.778040" lat="46.477370"/><trkpt lon="11.778050" lat="46.477970"/><trkpt lon="11.778170" lat="46.478120"/><trkpt lon="11.778550" lat="46.478780"/><trkpt lon="11.778550" lat="46.479140"/><trkpt lon="11.778660" lat="46.479190"/><trkpt lon="11.778750" lat="46.479150"/><trkpt lon="11.778700" lat="46.478530"/><trkpt lon="11.778680" lat="46.477800"/><trkpt lon="11.778700" lat="46.477670"/><trkpt lon="11.778790" lat="46.477620"/><trkpt lon="11.778870" lat="46.477640"/><trkpt lon="11.778900" lat="46.477700"/><trkpt lon="11.778860" lat="46.477970"/><trkpt lon="11.779100" lat="46.478340"/><trkpt lon="11.779550" lat="46.478970"/><trkpt lon="11.779630" lat="46.479330"/><trkpt lon="11.779800" lat="46.479520"/><trkpt lon="11.780420" lat="46.479720"/><trkpt lon="11.780600" lat="46.479790"/><trkpt lon="11.780570" lat="46.480010"/><trkpt lon="11.780110" lat="46.480210"/><trkpt lon="11.779890" lat="46.480400"/><trkpt lon="11.780010" lat="46.480620"/><trkpt lon="11.780520" lat="46.480720"/><trkpt lon="11.780660" lat="46.480860"/><trkpt lon="11.780390" lat="46.481240"/><trkpt lon="11.780350" lat="46.481410"/><trkpt lon="11.780570" lat="46.481740"/><trkpt lon="11.780720" lat="46.482320"/><trkpt lon="11.780800" lat="46.483150"/><trkpt lon="11.782080" lat="46.484930"/><trkpt lon="11.782240" lat="46.485590"/><trkpt lon="11.782650" lat="46.486130"/><trkpt lon="11.782760" lat="46.486410"/><trkpt lon="11.782720" lat="46.487550"/><trkpt lon="11.782560" lat="46.487810"/><trkpt lon="11.782370" lat="46.488030"/><trkpt lon="11.782380" lat="46.488120"/><trkpt lon="11.782510" lat="46.488190"/><trkpt lon="11.782710" lat="46.488080"/><trkpt lon="11.783370" lat="46.487420"/><trkpt lon="11.783540" lat="46.487110"/><trkpt lon="11.783670" lat="46.487120"/><trkpt lon="11.783730" lat="46.487230"/><trkpt lon="11.783560" lat="46.487710"/><trkpt lon="11.783420" lat="46.488410"/><trkpt lon="11.783660" lat="46.488720"/><trkpt lon="11.783790" lat="46.488980"/><trkpt lon="11.783660" lat="46.489750"/><trkpt lon="11.783500" lat="46.489910"/><trkpt lon="11.781610" lat="46.490220"/><trkpt lon="11.781520" lat="46.490280"/><trkpt lon="11.781500" lat="46.490400"/><trkpt lon="11.781860" lat="46.491160"/><trkpt lon="11.782160" lat="46.491750"/><trkpt lon="11.782280" lat="46.491850"/><trkpt lon="11.782440" lat="46.491900"/><trkpt lon="11.782690" lat="46.491860"/><trkpt lon="11.782780" lat="46.491770"/><trkpt lon="11.782840" lat="46.491380"/><trkpt lon="11.782910" lat="46.491280"/><trkpt lon="11.783090" lat="46.491240"/><trkpt lon="11.783360" lat="46.491340"/><trkpt lon="11.784190" lat="46.492010"/><trkpt lon="11.784350" lat="46.492420"/><trkpt lon="11.784420" lat="46.492480"/><trkpt lon="11.784550" lat="46.492480"/><trkpt lon="11.784610" lat="46.492430"/><trkpt lon="11.784550" lat="46.492260"/><trkpt lon="11.784260" lat="46.491760"/><trkpt lon="11.784270" lat="46.491430"/><trkpt lon="11.784430" lat="46.491340"/><trkpt lon="11.784570" lat="46.491390"/><trkpt lon="11.784490" lat="46.491650"/><trkpt lon="11.784530" lat="46.491870"/><trkpt lon="11.785430" lat="46.492610"/><trkpt lon="11.785540" lat="46.492820"/><trkpt lon="11.785370" lat="46.492970"/><trkpt lon="11.784920" lat="46.493090"/><trkpt lon="11.784470" lat="46.493510"/><trkpt lon="11.784300" lat="46.493870"/><trkpt lon="11.784330" lat="46.494020"/><trkpt lon="11.784580" lat="46.494150"/><trkpt lon="11.784970" lat="46.494260"/><trkpt lon="11.785330" lat="46.494550"/><trkpt lon="11.785560" lat="46.494920"/><trkpt lon="11.785760" lat="46.495090"/><trkpt lon="11.786480" lat="46.495680"/><trkpt lon="11.786710" lat="46.495790"/><trkpt lon="11.787120" lat="46.495930"/><trkpt lon="11.787290" lat="46.495950"/><trkpt lon="11.787670" lat="46.495990"/><trkpt lon="11.788300" lat="46.496070"/><trkpt lon="11.788410" lat="46.496050"/><trkpt lon="11.788470" lat="46.495960"/><trkpt lon="11.788430" lat="46.495880"/><trkpt lon="11.788100" lat="46.495820"/><trkpt lon="11.788000" lat="46.495760"/><trkpt lon="11.788000" lat="46.495670"/><trkpt lon="11.788100" lat="46.495600"/><trkpt lon="11.788320" lat="46.495590"/><trkpt lon="11.788630" lat="46.495660"/><trkpt lon="11.789200" lat="46.496030"/><trkpt lon="11.789670" lat="46.496420"/><trkpt lon="11.790040" lat="46.497150"/><trkpt lon="11.790610" lat="46.497800"/><trkpt lon="11.790830" lat="46.498410"/><trkpt lon="11.790890" lat="46.498700"/><trkpt lon="11.790600" lat="46.499760"/><trkpt lon="11.790620" lat="46.500080"/><trkpt lon="11.790850" lat="46.500380"/><trkpt lon="11.791520" lat="46.501190"/><trkpt lon="11.791600" lat="46.501340"/><trkpt lon="11.791610" lat="46.501660"/><trkpt lon="11.791350" lat="46.502320"/><trkpt lon="11.791130" lat="46.502800"/><trkpt lon="11.790950" lat="46.502980"/><trkpt lon="11.790080" lat="46.503560"/><trkpt lon="11.789880" lat="46.503580"/><trkpt lon="11.789570" lat="46.503500"/><trkpt lon="11.788340" lat="46.502790"/><trkpt lon="11.787690" lat="46.502450"/><trkpt lon="11.785530" lat="46.501970"/><trkpt lon="11.785210" lat="46.501830"/><trkpt lon="11.783860" lat="46.501030"/><trkpt lon="11.782900" lat="46.500580"/><trkpt lon="11.782810" lat="46.500640"/><trkpt lon="11.782900" lat="46.500760"/><trkpt lon="11.783710" lat="46.501210"/><trkpt lon="11.783820" lat="46.501410"/><trkpt lon="11.783830" lat="46.501970"/><trkpt lon="11.783940" lat="46.502300"/><trkpt lon="11.784400" lat="46.502540"/><trkpt lon="11.785250" lat="46.502830"/><trkpt lon="11.786490" lat="46.503910"/><trkpt lon="11.787190" lat="46.504350"/><trkpt lon="11.787200" lat="46.504470"/><trkpt lon="11.786990" lat="46.504500"/><trkpt lon="11.785710" lat="46.504260"/><trkpt lon="11.785050" lat="46.504180"/><trkpt lon="11.784640" lat="46.504050"/><trkpt lon="11.784480" lat="46.504090"/><trkpt lon="11.784480" lat="46.504200"/><trkpt lon="11.784930" lat="46.504570"/><trkpt lon="11.787210" lat="46.506410"/><trkpt lon="11.787560" lat="46.506550"/><trkpt lon="11.788240" lat="46.506720"/><trkpt lon="11.788520" lat="46.506740"/><trkpt lon="11.788560" lat="46.506800"/><trkpt lon="11.788510" lat="46.506840"/><trkpt lon="11.788200" lat="46.506830"/><trkpt lon="11.786990" lat="46.506790"/><trkpt lon="11.786400" lat="46.506670"/><trkpt lon="11.786070" lat="46.506640"/><trkpt lon="11.784690" lat="46.506610"/><trkpt lon="11.783650" lat="46.506410"/><trkpt lon="11.782030" lat="46.505940"/><trkpt lon="11.781720" lat="46.505790"/><trkpt lon="11.780840" lat="46.505200"/><trkpt lon="11.779330" lat="46.504530"/><trkpt lon="11.779190" lat="46.504560"/><trkpt lon="11.779070" lat="46.504740"/><trkpt lon="11.778880" lat="46.504970"/><trkpt lon="11.778280" lat="46.505290"/><trkpt lon="11.778070" lat="46.505320"/><trkpt lon="11.777590" lat="46.505170"/><trkpt lon="11.777130" lat="46.504950"/><trkpt lon="11.777010" lat="46.504680"/><trkpt lon="11.776830" lat="46.504440"/><trkpt lon="11.776620" lat="46.504290"/><trkpt lon="11.776130" lat="46.504090"/><trkpt lon="11.775970" lat="46.504080"/><trkpt lon="11.775330" lat="46.504220"/><trkpt lon="11.774580" lat="46.504310"/><trkpt lon="11.774340" lat="46.504320"/><trkpt lon="11.774280" lat="46.504390"/><trkpt lon="11.774300" lat="46.504430"/><trkpt lon="11.774590" lat="46.504390"/><trkpt lon="11.774860" lat="46.504370"/><trkpt lon="11.775290" lat="46.504510"/><trkpt lon="11.775350" lat="46.504610"/><trkpt lon="11.775320" lat="46.504720"/><trkpt lon="11.774920" lat="46.505260"/><trkpt lon="11.774830" lat="46.505330"/><trkpt lon="11.774710" lat="46.505360"/><trkpt lon="11.774510" lat="46.505310"/><trkpt lon="11.774230" lat="46.505160"/><trkpt lon="11.774010" lat="46.505120"/><trkpt lon="11.773610" lat="46.505180"/><trkpt lon="11.773500" lat="46.505150"/><trkpt lon="11.773450" lat="46.505090"/><trkpt lon="11.773360" lat="46.504530"/><trkpt lon="11.773190" lat="46.504320"/><trkpt lon="11.773050" lat="46.504250"/><trkpt lon="11.772980" lat="46.504270"/><trkpt lon="11.772950" lat="46.504380"/><trkpt lon="11.772970" lat="46.504800"/><trkpt lon="11.772820" lat="46.505150"/><trkpt lon="11.772800" lat="46.505400"/><trkpt lon="11.772860" lat="46.505550"/><trkpt lon="11.772820" lat="46.505610"/><trkpt lon="11.772710" lat="46.505600"/><trkpt lon="11.772620" lat="46.505520"/><trkpt lon="11.772510" lat="46.505240"/><trkpt lon="11.772410" lat="46.505220"/><trkpt lon="11.772230" lat="46.505420"/><trkpt lon="11.772070" lat="46.505550"/><trkpt lon="11.771590" lat="46.505700"/><trkpt lon="11.770940" lat="46.506150"/><trkpt lon="11.770780" lat="46.506420"/><trkpt lon="11.770030" lat="46.506850"/><trkpt lon="11.769870" lat="46.506970"/><trkpt lon="11.769490" lat="46.507530"/><trkpt lon="11.769160" lat="46.507830"/><trkpt lon="11.767730" lat="46.507990"/><trkpt lon="11.767390" lat="46.508030"/><trkpt lon="11.767200" lat="46.508210"/><trkpt lon="11.766390" lat="46.508670"/><trkpt lon="11.766230" lat="46.508720"/><trkpt lon="11.766090" lat="46.508710"/><trkpt lon="11.765910" lat="46.508640"/><trkpt lon="11.764950" lat="46.508130"/><trkpt lon="11.764820" lat="46.508130"/><trkpt lon="11.764660" lat="46.508170"/><trkpt lon="11.764190" lat="46.508390"/><trkpt lon="11.763050" lat="46.508560"/><trkpt lon="11.762020" lat="46.509100"/><trkpt lon="11.761810" lat="46.509160"/><trkpt lon="11.761320" lat="46.509230"/><trkpt lon="11.760980" lat="46.509340"/><trkpt lon="11.760730" lat="46.509300"/><trkpt lon="11.760450" lat="46.509180"/><trkpt lon="11.760230" lat="46.509010"/><trkpt lon="11.760030" lat="46.508780"/><trkpt lon="11.759480" lat="46.508420"/><trkpt lon="11.758730" lat="46.508200"/><trkpt lon="11.758050" lat="46.508140"/><trkpt lon="11.757750" lat="46.507940"/><trkpt lon="11.757610" lat="46.507890"/><trkpt lon="11.757320" lat="46.507890"/><trkpt lon="11.757150" lat="46.507950"/><trkpt lon="11.756850" lat="46.508280"/><trkpt lon="11.756830" lat="46.508370"/><trkpt lon="11.756880" lat="46.508470"/><trkpt lon="11.757170" lat="46.508630"/><trkpt lon="11.757330" lat="46.508800"/><trkpt lon="11.757550" lat="46.509570"/><trkpt lon="11.757630" lat="46.509750"/><trkpt lon="11.757820" lat="46.509900"/><trkpt lon="11.758010" lat="46.509980"/><trkpt lon="11.758310" lat="46.509990"/><trkpt lon="11.759080" lat="46.509980"/><trkpt lon="11.759340" lat="46.510030"/><trkpt lon="11.759480" lat="46.510130"/><trkpt lon="11.759700" lat="46.510370"/><trkpt lon="11.760000" lat="46.510640"/><trkpt lon="11.761130" lat="46.511430"/><trkpt lon="11.761340" lat="46.511540"/><trkpt lon="11.761850" lat="46.511650"/><trkpt lon="11.762080" lat="46.511760"/><trkpt lon="11.762390" lat="46.512110"/><trkpt lon="11.762730" lat="46.512550"/><trkpt lon="11.763130" lat="46.512680"/><trkpt lon="11.764230" lat="46.513370"/><trkpt lon="11.764540" lat="46.513470"/><trkpt lon="11.764820" lat="46.513490"/><trkpt lon="11.765260" lat="46.513470"/><trkpt lon="11.765560" lat="46.513630"/><trkpt lon="11.768550" lat="46.516390"/><trkpt lon="11.768760" lat="46.516930"/><trkpt lon="11.769240" lat="46.517330"/><trkpt lon="11.769410" lat="46.517510"/><trkpt lon="11.769540" lat="46.517770"/><trkpt lon="11.769880" lat="46.518740"/><trkpt lon="11.770350" lat="46.520340"/><trkpt lon="11.770790" lat="46.520870"/><trkpt lon="11.771340" lat="46.522110"/><trkpt lon="11.771460" lat="46.522260"/><trkpt lon="11.771690" lat="46.522320"/><trkpt lon="11.771890" lat="46.522270"/><trkpt lon="11.772190" lat="46.522140"/><trkpt lon="11.772370" lat="46.522140"/><trkpt lon="11.773490" lat="46.522420"/><trkpt lon="11.773850" lat="46.522600"/><trkpt lon="11.774030" lat="46.522650"/><trkpt lon="11.774270" lat="46.522620"/><trkpt lon="11.774600" lat="46.522380"/><trkpt lon="11.774730" lat="46.522320"/><trkpt lon="11.775250" lat="46.522330"/><trkpt lon="11.775510" lat="46.522280"/><trkpt lon="11.776350" lat="46.521920"/><trkpt lon="11.776910" lat="46.521600"/><trkpt lon="11.777050" lat="46.521580"/><trkpt lon="11.777250" lat="46.521660"/><trkpt lon="11.777660" lat="46.522020"/><trkpt lon="11.777960" lat="46.522100"/><trkpt lon="11.778310" lat="46.522150"/><trkpt lon="11.778390" lat="46.522260"/><trkpt lon="11.778460" lat="46.524330"/><trkpt lon="11.778600" lat="46.524540"/><trkpt lon="11.779090" lat="46.524920"/><trkpt lon="11.779120" lat="46.525050"/><trkpt lon="11.778880" lat="46.525340"/><trkpt lon="11.778770" lat="46.525540"/><trkpt lon="11.778810" lat="46.525700"/><trkpt lon="11.779590" lat="46.526810"/><trkpt lon="11.779840" lat="46.527070"/><trkpt lon="11.780090" lat="46.527280"/><trkpt lon="11.780140" lat="46.527420"/><trkpt lon="11.779780" lat="46.528010"/><trkpt lon="11.779730" lat="46.528260"/><trkpt lon="11.779780" lat="46.528710"/><trkpt lon="11.779730" lat="46.529060"/><trkpt lon="11.779870" lat="46.529430"/><trkpt lon="11.780110" lat="46.529540"/><trkpt lon="11.780970" lat="46.529570"/><trkpt lon="11.781890" lat="46.529710"/><trkpt lon="11.782660" lat="46.529880"/><trkpt lon="11.783560" lat="46.530250"/><trkpt lon="11.783620" lat="46.530480"/><trkpt lon="11.783550" lat="46.530970"/><trkpt lon="11.783440" lat="46.531110"/><trkpt lon="11.783100" lat="46.531330"/><trkpt lon="11.782920" lat="46.531520"/><trkpt lon="11.782790" lat="46.531760"/><trkpt lon="11.782580" lat="46.531910"/><trkpt lon="11.782270" lat="46.531980"/><trkpt lon="11.781090" lat="46.531880"/><trkpt lon="11.780680" lat="46.531960"/><trkpt lon="11.780480" lat="46.532070"/><trkpt lon="11.780230" lat="46.532290"/><trkpt lon="11.780000" lat="46.532300"/><trkpt lon="11.779630" lat="46.532220"/><trkpt lon="11.778980" lat="46.532310"/><trkpt lon="11.778770" lat="46.532370"/><trkpt lon="11.778560" lat="46.532350"/><trkpt lon="11.778110" lat="46.532210"/><trkpt lon="11.777930" lat="46.532230"/><trkpt lon="11.777050" lat="46.532630"/><trkpt lon="11.776810" lat="46.532700"/><trkpt lon="11.776160" lat="46.532760"/><trkpt lon="11.775990" lat="46.532810"/><trkpt lon="11.775280" lat="46.533210"/><trkpt lon="11.775160" lat="46.533400"/><trkpt lon="11.775240" lat="46.533650"/><trkpt lon="11.775280" lat="46.533930"/><trkpt lon="11.775180" lat="46.534140"/><trkpt lon="11.775040" lat="46.534250"/><trkpt lon="11.774870" lat="46.534300"/><trkpt lon="11.774730" lat="46.534240"/><trkpt lon="11.774750" lat="46.534150"/><trkpt lon="11.774920" lat="46.534050"/><trkpt lon="11.775030" lat="46.533910"/><trkpt lon="11.775020" lat="46.533780"/><trkpt lon="11.774640" lat="46.533450"/><trkpt lon="11.774570" lat="46.533350"/><trkpt lon="11.774580" lat="46.533250"/><trkpt lon="11.775070" lat="46.532860"/><trkpt lon="11.775180" lat="46.532740"/><trkpt lon="11.775230" lat="46.532530"/><trkpt lon="11.775180" lat="46.532450"/><trkpt lon="11.775050" lat="46.532430"/><trkpt lon="11.774970" lat="46.532520"/><trkpt lon="11.774940" lat="46.532720"/><trkpt lon="11.774790" lat="46.532860"/><trkpt lon="11.774590" lat="46.532940"/><trkpt lon="11.774000" lat="46.532990"/><trkpt lon="11.773700" lat="46.533050"/><trkpt lon="11.773460" lat="46.533150"/><trkpt lon="11.773280" lat="46.533310"/><trkpt lon="11.772810" lat="46.534130"/><trkpt lon="11.772720" lat="46.534310"/><trkpt lon="11.772200" lat="46.534720"/><trkpt lon="11.771940" lat="46.534950"/><trkpt lon="11.771750" lat="46.535330"/><trkpt lon="11.771480" lat="46.535770"/><trkpt lon="11.771480" lat="46.535880"/><trkpt lon="11.771720" lat="46.536590"/><trkpt lon="11.771640" lat="46.537160"/><trkpt lon="11.771460" lat="46.537960"/><trkpt lon="11.771650" lat="46.538570"/><trkpt lon="11.772010" lat="46.538940"/><trkpt lon="11.772040" lat="46.539200"/><trkpt lon="11.772100" lat="46.539440"/><trkpt lon="11.772330" lat="46.539900"/><trkpt lon="11.772220" lat="46.540350"/><trkpt lon="11.772240" lat="46.540560"/><trkpt lon="11.772440" lat="46.540870"/><trkpt lon="11.772480" lat="46.541030"/><trkpt lon="11.772410" lat="46.541150"/><trkpt lon="11.772100" lat="46.541440"/><trkpt lon="11.772060" lat="46.541570"/><trkpt lon="11.772160" lat="46.542000"/><trkpt lon="11.772310" lat="46.542530"/><trkpt lon="11.772470" lat="46.542830"/><trkpt lon="11.772740" lat="46.543330"/><trkpt lon="11.772930" lat="46.543510"/><trkpt lon="11.773360" lat="46.543790"/><trkpt lon="11.773820" lat="46.544200"/><trkpt lon="11.773990" lat="46.544430"/><trkpt lon="11.774150" lat="46.544520"/><trkpt lon="11.774980" lat="46.544740"/><trkpt lon="11.775800" lat="46.545060"/><trkpt lon="11.776100" lat="46.545140"/><trkpt lon="11.776350" lat="46.545170"/><trkpt lon="11.776770" lat="46.545170"/><trkpt lon="11.776810" lat="46.545230"/><trkpt lon="11.776780" lat="46.545300"/><trkpt lon="11.776700" lat="46.545330"/><trkpt lon="11.776330" lat="46.545350"/><trkpt lon="11.775990" lat="46.545470"/><trkpt lon="11.775850" lat="46.545500"/><trkpt lon="11.775450" lat="46.545450"/><trkpt lon="11.774700" lat="46.545240"/><trkpt lon="11.774470" lat="46.545200"/><trkpt lon="11.774250" lat="46.545220"/><trkpt lon="11.773750" lat="46.545290"/><trkpt lon="11.773440" lat="46.545270"/><trkpt lon="11.773230" lat="46.545170"/><trkpt lon="11.773060" lat="46.544930"/><trkpt lon="11.772960" lat="46.544840"/><trkpt lon="11.772770" lat="46.544780"/><trkpt lon="11.772220" lat="46.544750"/><trkpt lon="11.772010" lat="46.544680"/><trkpt lon="11.771860" lat="46.544560"/><trkpt lon="11.771650" lat="46.544220"/><trkpt lon="11.770720" lat="46.543590"/><trkpt lon="11.770340" lat="46.543370"/><trkpt lon="11.770260" lat="46.543390"/><trkpt lon="11.770210" lat="46.543480"/><trkpt lon="11.770310" lat="46.543560"/><trkpt lon="11.770550" lat="46.543660"/><trkpt lon="11.770900" lat="46.543990"/><trkpt lon="11.771170" lat="46.544500"/><trkpt lon="11.771250" lat="46.544780"/><trkpt lon="11.771440" lat="46.545070"/><trkpt lon="11.771480" lat="46.545210"/><trkpt lon="11.771440" lat="46.545480"/><trkpt lon="11.771330" lat="46.545570"/><trkpt lon="11.771000" lat="46.545700"/><trkpt lon="11.770380" lat="46.545900"/><trkpt lon="11.769240" lat="46.546140"/><trkpt lon="11.768910" lat="46.546260"/><trkpt lon="11.768310" lat="46.546630"/><trkpt lon="11.766450" lat="46.549420"/><trkpt lon="11.765960" lat="46.550120"/><trkpt lon="11.765660" lat="46.550310"/><trkpt lon="11.764450" lat="46.550700"/><trkpt lon="11.764260" lat="46.550800"/><trkpt lon="11.763550" lat="46.551510"/><trkpt lon="11.763500" lat="46.551660"/><trkpt lon="11.763420" lat="46.552980"/><trkpt lon="11.763340" lat="46.553070"/><trkpt lon="11.760750" lat="46.553690"/><trkpt lon="11.759180" lat="46.554030"/></trkseg></trk></gpx>
